"","regija","leto","spol","stevilo"
"1","SLOVENIJA",1995,"Umrli - mo<U+0161>ki",9630
"2","SLOVENIJA",1995,"Umrli - <U+017E>enske",9338
"3","SLOVENIJA",1996,"Umrli - mo<U+0161>ki",9498
"4","SLOVENIJA",1996,"Umrli - <U+017E>enske",9122
"5","SLOVENIJA",1997,"Umrli - mo<U+0161>ki",9649
"6","SLOVENIJA",1997,"Umrli - <U+017E>enske",9279
"7","SLOVENIJA",1998,"Umrli - mo<U+0161>ki",9726
"8","SLOVENIJA",1998,"Umrli - <U+017E>enske",9313
"9","SLOVENIJA",1999,"Umrli - mo<U+0161>ki",9671
"10","SLOVENIJA",1999,"Umrli - <U+017E>enske",9214
"11","SLOVENIJA",2000,"Umrli - mo<U+0161>ki",9557
"12","SLOVENIJA",2000,"Umrli - <U+017E>enske",9031
"13","SLOVENIJA",2001,"Umrli - mo<U+0161>ki",9654
"14","SLOVENIJA",2001,"Umrli - <U+017E>enske",8854
"15","SLOVENIJA",2002,"Umrli - mo<U+0161>ki",9696
"16","SLOVENIJA",2002,"Umrli - <U+017E>enske",9005
"17","SLOVENIJA",2003,"Umrli - mo<U+0161>ki",10075
"18","SLOVENIJA",2003,"Umrli - <U+017E>enske",9376
"19","SLOVENIJA",2004,"Umrli - mo<U+0161>ki",9479
"20","SLOVENIJA",2004,"Umrli - <U+017E>enske",9044
"21","SLOVENIJA",2005,"Umrli - mo<U+0161>ki",9413
"22","SLOVENIJA",2005,"Umrli - <U+017E>enske",9412
"23","SLOVENIJA",2006,"Umrli - mo<U+0161>ki",9270
"24","SLOVENIJA",2006,"Umrli - <U+017E>enske",8910
"25","SLOVENIJA",2007,"Umrli - mo<U+0161>ki",9473
"26","SLOVENIJA",2007,"Umrli - <U+017E>enske",9111
"27","SLOVENIJA",2008,"Umrli - mo<U+0161>ki",9174
"28","SLOVENIJA",2008,"Umrli - <U+017E>enske",9134
"29","SLOVENIJA",2009,"Umrli - mo<U+0161>ki",9293
"30","SLOVENIJA",2009,"Umrli - <U+017E>enske",9457
"31","SLOVENIJA",2010,"Umrli - mo<U+0161>ki",9292
"32","SLOVENIJA",2010,"Umrli - <U+017E>enske",9317
"33","SLOVENIJA",2011,"Umrli - mo<U+0161>ki",9235
"34","SLOVENIJA",2011,"Umrli - <U+017E>enske",9464
"35","SLOVENIJA",2012,"Umrli - mo<U+0161>ki",9412
"36","SLOVENIJA",2012,"Umrli - <U+017E>enske",9845
"37","SLOVENIJA",2013,"Umrli - mo<U+0161>ki",9555
"38","SLOVENIJA",2013,"Umrli - <U+017E>enske",9779
"39","SLOVENIJA",2014,"Umrli - mo<U+0161>ki",9208
"40","SLOVENIJA",2014,"Umrli - <U+017E>enske",9678
"41","SLOVENIJA",2015,"Umrli - mo<U+0161>ki",9739
"42","SLOVENIJA",2015,"Umrli - <U+017E>enske",10095
"43","SLOVENIJA",2016,"Umrli - mo<U+0161>ki",9673
"44","SLOVENIJA",2016,"Umrli - <U+017E>enske",10016
"45","SLOVENIJA",2017,"Umrli - mo<U+0161>ki",10136
"46","SLOVENIJA",2017,"Umrli - <U+017E>enske",10373
"47","Pomurska",1995,"Umrli - mo<U+0161>ki",831
"48","Pomurska",1995,"Umrli - <U+017E>enske",755
"49","Pomurska",1996,"Umrli - mo<U+0161>ki",757
"50","Pomurska",1996,"Umrli - <U+017E>enske",765
"51","Pomurska",1997,"Umrli - mo<U+0161>ki",737
"52","Pomurska",1997,"Umrli - <U+017E>enske",725
"53","Pomurska",1998,"Umrli - mo<U+0161>ki",753
"54","Pomurska",1998,"Umrli - <U+017E>enske",720
"55","Pomurska",1999,"Umrli - mo<U+0161>ki",754
"56","Pomurska",1999,"Umrli - <U+017E>enske",739
"57","Pomurska",2000,"Umrli - mo<U+0161>ki",749
"58","Pomurska",2000,"Umrli - <U+017E>enske",656
"59","Pomurska",2001,"Umrli - mo<U+0161>ki",766
"60","Pomurska",2001,"Umrli - <U+017E>enske",683
"61","Pomurska",2002,"Umrli - mo<U+0161>ki",711
"62","Pomurska",2002,"Umrli - <U+017E>enske",718
"63","Pomurska",2003,"Umrli - mo<U+0161>ki",816
"64","Pomurska",2003,"Umrli - <U+017E>enske",693
"65","Pomurska",2004,"Umrli - mo<U+0161>ki",702
"66","Pomurska",2004,"Umrli - <U+017E>enske",680
"67","Pomurska",2005,"Umrli - mo<U+0161>ki",724
"68","Pomurska",2005,"Umrli - <U+017E>enske",698
"69","Pomurska",2006,"Umrli - mo<U+0161>ki",670
"70","Pomurska",2006,"Umrli - <U+017E>enske",648
"71","Pomurska",2007,"Umrli - mo<U+0161>ki",658
"72","Pomurska",2007,"Umrli - <U+017E>enske",680
"73","Pomurska",2008,"Umrli - mo<U+0161>ki",658
"74","Pomurska",2008,"Umrli - <U+017E>enske",679
"75","Pomurska",2009,"Umrli - mo<U+0161>ki",676
"76","Pomurska",2009,"Umrli - <U+017E>enske",701
"77","Pomurska",2010,"Umrli - mo<U+0161>ki",621
"78","Pomurska",2010,"Umrli - <U+017E>enske",697
"79","Pomurska",2011,"Umrli - mo<U+0161>ki",675
"80","Pomurska",2011,"Umrli - <U+017E>enske",736
"81","Pomurska",2012,"Umrli - mo<U+0161>ki",613
"82","Pomurska",2012,"Umrli - <U+017E>enske",722
"83","Pomurska",2013,"Umrli - mo<U+0161>ki",662
"84","Pomurska",2013,"Umrli - <U+017E>enske",704
"85","Pomurska",2014,"Umrli - mo<U+0161>ki",679
"86","Pomurska",2014,"Umrli - <U+017E>enske",689
"87","Pomurska",2015,"Umrli - mo<U+0161>ki",644
"88","Pomurska",2015,"Umrli - <U+017E>enske",709
"89","Pomurska",2016,"Umrli - mo<U+0161>ki",659
"90","Pomurska",2016,"Umrli - <U+017E>enske",702
"91","Pomurska",2017,"Umrli - mo<U+0161>ki",665
"92","Pomurska",2017,"Umrli - <U+017E>enske",711
"93","Podravska",1995,"Umrli - mo<U+0161>ki",1617
"94","Podravska",1995,"Umrli - <U+017E>enske",1612
"95","Podravska",1996,"Umrli - mo<U+0161>ki",1671
"96","Podravska",1996,"Umrli - <U+017E>enske",1561
"97","Podravska",1997,"Umrli - mo<U+0161>ki",1673
"98","Podravska",1997,"Umrli - <U+017E>enske",1651
"99","Podravska",1998,"Umrli - mo<U+0161>ki",1636
"100","Podravska",1998,"Umrli - <U+017E>enske",1597
"101","Podravska",1999,"Umrli - mo<U+0161>ki",1678
"102","Podravska",1999,"Umrli - <U+017E>enske",1559
"103","Podravska",2000,"Umrli - mo<U+0161>ki",1682
"104","Podravska",2000,"Umrli - <U+017E>enske",1592
"105","Podravska",2001,"Umrli - mo<U+0161>ki",1566
"106","Podravska",2001,"Umrli - <U+017E>enske",1563
"107","Podravska",2002,"Umrli - mo<U+0161>ki",1601
"108","Podravska",2002,"Umrli - <U+017E>enske",1512
"109","Podravska",2003,"Umrli - mo<U+0161>ki",1721
"110","Podravska",2003,"Umrli - <U+017E>enske",1607
"111","Podravska",2004,"Umrli - mo<U+0161>ki",1611
"112","Podravska",2004,"Umrli - <U+017E>enske",1557
"113","Podravska",2005,"Umrli - mo<U+0161>ki",1631
"114","Podravska",2005,"Umrli - <U+017E>enske",1637
"115","Podravska",2006,"Umrli - mo<U+0161>ki",1618
"116","Podravska",2006,"Umrli - <U+017E>enske",1588
"117","Podravska",2007,"Umrli - mo<U+0161>ki",1671
"118","Podravska",2007,"Umrli - <U+017E>enske",1534
"119","Podravska",2008,"Umrli - mo<U+0161>ki",1590
"120","Podravska",2008,"Umrli - <U+017E>enske",1571
"121","Podravska",2009,"Umrli - mo<U+0161>ki",1569
"122","Podravska",2009,"Umrli - <U+017E>enske",1557
"123","Podravska",2010,"Umrli - mo<U+0161>ki",1573
"124","Podravska",2010,"Umrli - <U+017E>enske",1592
"125","Podravska",2011,"Umrli - mo<U+0161>ki",1664
"126","Podravska",2011,"Umrli - <U+017E>enske",1611
"127","Podravska",2012,"Umrli - mo<U+0161>ki",1559
"128","Podravska",2012,"Umrli - <U+017E>enske",1648
"129","Podravska",2013,"Umrli - mo<U+0161>ki",1677
"130","Podravska",2013,"Umrli - <U+017E>enske",1681
"131","Podravska",2014,"Umrli - mo<U+0161>ki",1541
"132","Podravska",2014,"Umrli - <U+017E>enske",1590
"133","Podravska",2015,"Umrli - mo<U+0161>ki",1662
"134","Podravska",2015,"Umrli - <U+017E>enske",1814
"135","Podravska",2016,"Umrli - mo<U+0161>ki",1654
"136","Podravska",2016,"Umrli - <U+017E>enske",1744
"137","Podravska",2017,"Umrli - mo<U+0161>ki",1777
"138","Podravska",2017,"Umrli - <U+017E>enske",1767
"139","Koro<U+0161>ka",1995,"Umrli - mo<U+0161>ki",357
"140","Koro<U+0161>ka",1995,"Umrli - <U+017E>enske",317
"141","Koro<U+0161>ka",1996,"Umrli - mo<U+0161>ki",328
"142","Koro<U+0161>ka",1996,"Umrli - <U+017E>enske",338
"143","Koro<U+0161>ka",1997,"Umrli - mo<U+0161>ki",321
"144","Koro<U+0161>ka",1997,"Umrli - <U+017E>enske",318
"145","Koro<U+0161>ka",1998,"Umrli - mo<U+0161>ki",349
"146","Koro<U+0161>ka",1998,"Umrli - <U+017E>enske",280
"147","Koro<U+0161>ka",1999,"Umrli - mo<U+0161>ki",327
"148","Koro<U+0161>ka",1999,"Umrli - <U+017E>enske",299
"149","Koro<U+0161>ka",2000,"Umrli - mo<U+0161>ki",332
"150","Koro<U+0161>ka",2000,"Umrli - <U+017E>enske",306
"151","Koro<U+0161>ka",2001,"Umrli - mo<U+0161>ki",342
"152","Koro<U+0161>ka",2001,"Umrli - <U+017E>enske",293
"153","Koro<U+0161>ka",2002,"Umrli - mo<U+0161>ki",334
"154","Koro<U+0161>ka",2002,"Umrli - <U+017E>enske",320
"155","Koro<U+0161>ka",2003,"Umrli - mo<U+0161>ki",367
"156","Koro<U+0161>ka",2003,"Umrli - <U+017E>enske",312
"157","Koro<U+0161>ka",2004,"Umrli - mo<U+0161>ki",363
"158","Koro<U+0161>ka",2004,"Umrli - <U+017E>enske",317
"159","Koro<U+0161>ka",2005,"Umrli - mo<U+0161>ki",371
"160","Koro<U+0161>ka",2005,"Umrli - <U+017E>enske",330
"161","Koro<U+0161>ka",2006,"Umrli - mo<U+0161>ki",367
"162","Koro<U+0161>ka",2006,"Umrli - <U+017E>enske",308
"163","Koro<U+0161>ka",2007,"Umrli - mo<U+0161>ki",339
"164","Koro<U+0161>ka",2007,"Umrli - <U+017E>enske",313
"165","Koro<U+0161>ka",2008,"Umrli - mo<U+0161>ki",367
"166","Koro<U+0161>ka",2008,"Umrli - <U+017E>enske",314
"167","Koro<U+0161>ka",2009,"Umrli - mo<U+0161>ki",361
"168","Koro<U+0161>ka",2009,"Umrli - <U+017E>enske",309
"169","Koro<U+0161>ka",2010,"Umrli - mo<U+0161>ki",338
"170","Koro<U+0161>ka",2010,"Umrli - <U+017E>enske",314
"171","Koro<U+0161>ka",2011,"Umrli - mo<U+0161>ki",385
"172","Koro<U+0161>ka",2011,"Umrli - <U+017E>enske",353
"173","Koro<U+0161>ka",2012,"Umrli - mo<U+0161>ki",337
"174","Koro<U+0161>ka",2012,"Umrli - <U+017E>enske",335
"175","Koro<U+0161>ka",2013,"Umrli - mo<U+0161>ki",358
"176","Koro<U+0161>ka",2013,"Umrli - <U+017E>enske",335
"177","Koro<U+0161>ka",2014,"Umrli - mo<U+0161>ki",323
"178","Koro<U+0161>ka",2014,"Umrli - <U+017E>enske",337
"179","Koro<U+0161>ka",2015,"Umrli - mo<U+0161>ki",361
"180","Koro<U+0161>ka",2015,"Umrli - <U+017E>enske",340
"181","Koro<U+0161>ka",2016,"Umrli - mo<U+0161>ki",390
"182","Koro<U+0161>ka",2016,"Umrli - <U+017E>enske",341
"183","Koro<U+0161>ka",2017,"Umrli - mo<U+0161>ki",345
"184","Koro<U+0161>ka",2017,"Umrli - <U+017E>enske",344
"185","Savinjska",1995,"Umrli - mo<U+0161>ki",1258
"186","Savinjska",1995,"Umrli - <U+017E>enske",1178
"187","Savinjska",1996,"Umrli - mo<U+0161>ki",1224
"188","Savinjska",1996,"Umrli - <U+017E>enske",1183
"189","Savinjska",1997,"Umrli - mo<U+0161>ki",1294
"190","Savinjska",1997,"Umrli - <U+017E>enske",1212
"191","Savinjska",1998,"Umrli - mo<U+0161>ki",1283
"192","Savinjska",1998,"Umrli - <U+017E>enske",1235
"193","Savinjska",1999,"Umrli - mo<U+0161>ki",1238
"194","Savinjska",1999,"Umrli - <U+017E>enske",1170
"195","Savinjska",2000,"Umrli - mo<U+0161>ki",1196
"196","Savinjska",2000,"Umrli - <U+017E>enske",1182
"197","Savinjska",2001,"Umrli - mo<U+0161>ki",1263
"198","Savinjska",2001,"Umrli - <U+017E>enske",1144
"199","Savinjska",2002,"Umrli - mo<U+0161>ki",1323
"200","Savinjska",2002,"Umrli - <U+017E>enske",1232
"201","Savinjska",2003,"Umrli - mo<U+0161>ki",1387
"202","Savinjska",2003,"Umrli - <U+017E>enske",1211
"203","Savinjska",2004,"Umrli - mo<U+0161>ki",1257
"204","Savinjska",2004,"Umrli - <U+017E>enske",1206
"205","Savinjska",2005,"Umrli - mo<U+0161>ki",1154
"206","Savinjska",2005,"Umrli - <U+017E>enske",1195
"207","Savinjska",2006,"Umrli - mo<U+0161>ki",1187
"208","Savinjska",2006,"Umrli - <U+017E>enske",1157
"209","Savinjska",2007,"Umrli - mo<U+0161>ki",1187
"210","Savinjska",2007,"Umrli - <U+017E>enske",1112
"211","Savinjska",2008,"Umrli - mo<U+0161>ki",1179
"212","Savinjska",2008,"Umrli - <U+017E>enske",1186
"213","Savinjska",2009,"Umrli - mo<U+0161>ki",1210
"214","Savinjska",2009,"Umrli - <U+017E>enske",1215
"215","Savinjska",2010,"Umrli - mo<U+0161>ki",1221
"216","Savinjska",2010,"Umrli - <U+017E>enske",1192
"217","Savinjska",2011,"Umrli - mo<U+0161>ki",1128
"218","Savinjska",2011,"Umrli - <U+017E>enske",1239
"219","Savinjska",2012,"Umrli - mo<U+0161>ki",1268
"220","Savinjska",2012,"Umrli - <U+017E>enske",1296
"221","Savinjska",2013,"Umrli - mo<U+0161>ki",1185
"222","Savinjska",2013,"Umrli - <U+017E>enske",1277
"223","Savinjska",2014,"Umrli - mo<U+0161>ki",1156
"224","Savinjska",2014,"Umrli - <U+017E>enske",1264
"225","Savinjska",2015,"Umrli - mo<U+0161>ki",1290
"226","Savinjska",2015,"Umrli - <U+017E>enske",1231
"227","Savinjska",2016,"Umrli - mo<U+0161>ki",1233
"228","Savinjska",2016,"Umrli - <U+017E>enske",1243
"229","Savinjska",2017,"Umrli - mo<U+0161>ki",1332
"230","Savinjska",2017,"Umrli - <U+017E>enske",1311
"231","Zasavska",1995,"Umrli - mo<U+0161>ki",271
"232","Zasavska",1995,"Umrli - <U+017E>enske",267
"233","Zasavska",1996,"Umrli - mo<U+0161>ki",253
"234","Zasavska",1996,"Umrli - <U+017E>enske",255
"235","Zasavska",1997,"Umrli - mo<U+0161>ki",250
"236","Zasavska",1997,"Umrli - <U+017E>enske",257
"237","Zasavska",1998,"Umrli - mo<U+0161>ki",262
"238","Zasavska",1998,"Umrli - <U+017E>enske",233
"239","Zasavska",1999,"Umrli - mo<U+0161>ki",239
"240","Zasavska",1999,"Umrli - <U+017E>enske",270
"241","Zasavska",2000,"Umrli - mo<U+0161>ki",273
"242","Zasavska",2000,"Umrli - <U+017E>enske",250
"243","Zasavska",2001,"Umrli - mo<U+0161>ki",258
"244","Zasavska",2001,"Umrli - <U+017E>enske",256
"245","Zasavska",2002,"Umrli - mo<U+0161>ki",291
"246","Zasavska",2002,"Umrli - <U+017E>enske",222
"247","Zasavska",2003,"Umrli - mo<U+0161>ki",250
"248","Zasavska",2003,"Umrli - <U+017E>enske",227
"249","Zasavska",2004,"Umrli - mo<U+0161>ki",246
"250","Zasavska",2004,"Umrli - <U+017E>enske",250
"251","Zasavska",2005,"Umrli - mo<U+0161>ki",292
"252","Zasavska",2005,"Umrli - <U+017E>enske",244
"253","Zasavska",2006,"Umrli - mo<U+0161>ki",217
"254","Zasavska",2006,"Umrli - <U+017E>enske",242
"255","Zasavska",2007,"Umrli - mo<U+0161>ki",230
"256","Zasavska",2007,"Umrli - <U+017E>enske",213
"257","Zasavska",2008,"Umrli - mo<U+0161>ki",240
"258","Zasavska",2008,"Umrli - <U+017E>enske",225
"259","Zasavska",2009,"Umrli - mo<U+0161>ki",220
"260","Zasavska",2009,"Umrli - <U+017E>enske",231
"261","Zasavska",2010,"Umrli - mo<U+0161>ki",237
"262","Zasavska",2010,"Umrli - <U+017E>enske",247
"263","Zasavska",2011,"Umrli - mo<U+0161>ki",240
"264","Zasavska",2011,"Umrli - <U+017E>enske",262
"265","Zasavska",2012,"Umrli - mo<U+0161>ki",225
"266","Zasavska",2012,"Umrli - <U+017E>enske",255
"267","Zasavska",2013,"Umrli - mo<U+0161>ki",256
"268","Zasavska",2013,"Umrli - <U+017E>enske",259
"269","Zasavska",2014,"Umrli - mo<U+0161>ki",248
"270","Zasavska",2014,"Umrli - <U+017E>enske",252
"271","Zasavska",2015,"Umrli - mo<U+0161>ki",298
"272","Zasavska",2015,"Umrli - <U+017E>enske",310
"273","Zasavska",2016,"Umrli - mo<U+0161>ki",301
"274","Zasavska",2016,"Umrli - <U+017E>enske",318
"275","Zasavska",2017,"Umrli - mo<U+0161>ki",303
"276","Zasavska",2017,"Umrli - <U+017E>enske",334
"277","Posavska",1995,"Umrli - mo<U+0161>ki",416
"278","Posavska",1995,"Umrli - <U+017E>enske",403
"279","Posavska",1996,"Umrli - mo<U+0161>ki",408
"280","Posavska",1996,"Umrli - <U+017E>enske",374
"281","Posavska",1997,"Umrli - mo<U+0161>ki",404
"282","Posavska",1997,"Umrli - <U+017E>enske",418
"283","Posavska",1998,"Umrli - mo<U+0161>ki",416
"284","Posavska",1998,"Umrli - <U+017E>enske",398
"285","Posavska",1999,"Umrli - mo<U+0161>ki",428
"286","Posavska",1999,"Umrli - <U+017E>enske",426
"287","Posavska",2000,"Umrli - mo<U+0161>ki",405
"288","Posavska",2000,"Umrli - <U+017E>enske",367
"289","Posavska",2001,"Umrli - mo<U+0161>ki",414
"290","Posavska",2001,"Umrli - <U+017E>enske",362
"291","Posavska",2002,"Umrli - mo<U+0161>ki",412
"292","Posavska",2002,"Umrli - <U+017E>enske",356
"293","Posavska",2003,"Umrli - mo<U+0161>ki",402
"294","Posavska",2003,"Umrli - <U+017E>enske",351
"295","Posavska",2004,"Umrli - mo<U+0161>ki",404
"296","Posavska",2004,"Umrli - <U+017E>enske",358
"297","Posavska",2005,"Umrli - mo<U+0161>ki",372
"298","Posavska",2005,"Umrli - <U+017E>enske",348
"299","Posavska",2006,"Umrli - mo<U+0161>ki",373
"300","Posavska",2006,"Umrli - <U+017E>enske",375
"301","Posavska",2007,"Umrli - mo<U+0161>ki",403
"302","Posavska",2007,"Umrli - <U+017E>enske",373
"303","Posavska",2008,"Umrli - mo<U+0161>ki",390
"304","Posavska",2008,"Umrli - <U+017E>enske",346
"305","Posavska",2009,"Umrli - mo<U+0161>ki",374
"306","Posavska",2009,"Umrli - <U+017E>enske",389
"307","Posavska",2010,"Umrli - mo<U+0161>ki",416
"308","Posavska",2010,"Umrli - <U+017E>enske",380
"309","Posavska",2011,"Umrli - mo<U+0161>ki",336
"310","Posavska",2011,"Umrli - <U+017E>enske",420
"311","Posavska",2012,"Umrli - mo<U+0161>ki",396
"312","Posavska",2012,"Umrli - <U+017E>enske",416
"313","Posavska",2013,"Umrli - mo<U+0161>ki",391
"314","Posavska",2013,"Umrli - <U+017E>enske",388
"315","Posavska",2014,"Umrli - mo<U+0161>ki",371
"316","Posavska",2014,"Umrli - <U+017E>enske",400
"317","Posavska",2015,"Umrli - mo<U+0161>ki",389
"318","Posavska",2015,"Umrli - <U+017E>enske",446
"319","Posavska",2016,"Umrli - mo<U+0161>ki",449
"320","Posavska",2016,"Umrli - <U+017E>enske",411
"321","Posavska",2017,"Umrli - mo<U+0161>ki",405
"322","Posavska",2017,"Umrli - <U+017E>enske",407
"323","Jugovzhodna Slovenija",1995,"Umrli - mo<U+0161>ki",492
"324","Jugovzhodna Slovenija",1995,"Umrli - <U+017E>enske",549
"325","Jugovzhodna Slovenija",1996,"Umrli - mo<U+0161>ki",497
"326","Jugovzhodna Slovenija",1996,"Umrli - <U+017E>enske",455
"327","Jugovzhodna Slovenija",1997,"Umrli - mo<U+0161>ki",462
"328","Jugovzhodna Slovenija",1997,"Umrli - <U+017E>enske",486
"329","Jugovzhodna Slovenija",1998,"Umrli - mo<U+0161>ki",514
"330","Jugovzhodna Slovenija",1998,"Umrli - <U+017E>enske",512
"331","Jugovzhodna Slovenija",1999,"Umrli - mo<U+0161>ki",661
"332","Jugovzhodna Slovenija",1999,"Umrli - <U+017E>enske",641
"333","Jugovzhodna Slovenija",2000,"Umrli - mo<U+0161>ki",661
"334","Jugovzhodna Slovenija",2000,"Umrli - <U+017E>enske",602
"335","Jugovzhodna Slovenija",2001,"Umrli - mo<U+0161>ki",734
"336","Jugovzhodna Slovenija",2001,"Umrli - <U+017E>enske",611
"337","Jugovzhodna Slovenija",2002,"Umrli - mo<U+0161>ki",711
"338","Jugovzhodna Slovenija",2002,"Umrli - <U+017E>enske",604
"339","Jugovzhodna Slovenija",2003,"Umrli - mo<U+0161>ki",714
"340","Jugovzhodna Slovenija",2003,"Umrli - <U+017E>enske",640
"341","Jugovzhodna Slovenija",2004,"Umrli - mo<U+0161>ki",646
"342","Jugovzhodna Slovenija",2004,"Umrli - <U+017E>enske",625
"343","Jugovzhodna Slovenija",2005,"Umrli - mo<U+0161>ki",681
"344","Jugovzhodna Slovenija",2005,"Umrli - <U+017E>enske",635
"345","Jugovzhodna Slovenija",2006,"Umrli - mo<U+0161>ki",655
"346","Jugovzhodna Slovenija",2006,"Umrli - <U+017E>enske",559
"347","Jugovzhodna Slovenija",2007,"Umrli - mo<U+0161>ki",714
"348","Jugovzhodna Slovenija",2007,"Umrli - <U+017E>enske",660
"349","Jugovzhodna Slovenija",2008,"Umrli - mo<U+0161>ki",616
"350","Jugovzhodna Slovenija",2008,"Umrli - <U+017E>enske",621
"351","Jugovzhodna Slovenija",2009,"Umrli - mo<U+0161>ki",685
"352","Jugovzhodna Slovenija",2009,"Umrli - <U+017E>enske",690
"353","Jugovzhodna Slovenija",2010,"Umrli - mo<U+0161>ki",640
"354","Jugovzhodna Slovenija",2010,"Umrli - <U+017E>enske",657
"355","Jugovzhodna Slovenija",2011,"Umrli - mo<U+0161>ki",663
"356","Jugovzhodna Slovenija",2011,"Umrli - <U+017E>enske",654
"357","Jugovzhodna Slovenija",2012,"Umrli - mo<U+0161>ki",707
"358","Jugovzhodna Slovenija",2012,"Umrli - <U+017E>enske",651
"359","Jugovzhodna Slovenija",2013,"Umrli - mo<U+0161>ki",676
"360","Jugovzhodna Slovenija",2013,"Umrli - <U+017E>enske",678
"361","Jugovzhodna Slovenija",2014,"Umrli - mo<U+0161>ki",687
"362","Jugovzhodna Slovenija",2014,"Umrli - <U+017E>enske",661
"363","Jugovzhodna Slovenija",2015,"Umrli - mo<U+0161>ki",690
"364","Jugovzhodna Slovenija",2015,"Umrli - <U+017E>enske",735
"365","Jugovzhodna Slovenija",2016,"Umrli - mo<U+0161>ki",660
"366","Jugovzhodna Slovenija",2016,"Umrli - <U+017E>enske",731
"367","Jugovzhodna Slovenija",2017,"Umrli - mo<U+0161>ki",731
"368","Jugovzhodna Slovenija",2017,"Umrli - <U+017E>enske",733
"369","Osrednjeslovenska",1995,"Umrli - mo<U+0161>ki",2153
"370","Osrednjeslovenska",1995,"Umrli - <U+017E>enske",2136
"371","Osrednjeslovenska",1996,"Umrli - mo<U+0161>ki",2168
"372","Osrednjeslovenska",1996,"Umrli - <U+017E>enske",2171
"373","Osrednjeslovenska",1997,"Umrli - mo<U+0161>ki",2262
"374","Osrednjeslovenska",1997,"Umrli - <U+017E>enske",2068
"375","Osrednjeslovenska",1998,"Umrli - mo<U+0161>ki",2172
"376","Osrednjeslovenska",1998,"Umrli - <U+017E>enske",2197
"377","Osrednjeslovenska",1999,"Umrli - mo<U+0161>ki",2090
"378","Osrednjeslovenska",1999,"Umrli - <U+017E>enske",1998
"379","Osrednjeslovenska",2000,"Umrli - mo<U+0161>ki",2013
"380","Osrednjeslovenska",2000,"Umrli - <U+017E>enske",1994
"381","Osrednjeslovenska",2001,"Umrli - mo<U+0161>ki",2052
"382","Osrednjeslovenska",2001,"Umrli - <U+017E>enske",1883
"383","Osrednjeslovenska",2002,"Umrli - mo<U+0161>ki",2037
"384","Osrednjeslovenska",2002,"Umrli - <U+017E>enske",1926
"385","Osrednjeslovenska",2003,"Umrli - mo<U+0161>ki",2077
"386","Osrednjeslovenska",2003,"Umrli - <U+017E>enske",2133
"387","Osrednjeslovenska",2004,"Umrli - mo<U+0161>ki",2087
"388","Osrednjeslovenska",2004,"Umrli - <U+017E>enske",1964
"389","Osrednjeslovenska",2005,"Umrli - mo<U+0161>ki",1981
"390","Osrednjeslovenska",2005,"Umrli - <U+017E>enske",2145
"391","Osrednjeslovenska",2006,"Umrli - mo<U+0161>ki",2007
"392","Osrednjeslovenska",2006,"Umrli - <U+017E>enske",2034
"393","Osrednjeslovenska",2007,"Umrli - mo<U+0161>ki",1986
"394","Osrednjeslovenska",2007,"Umrli - <U+017E>enske",2035
"395","Osrednjeslovenska",2008,"Umrli - mo<U+0161>ki",1975
"396","Osrednjeslovenska",2008,"Umrli - <U+017E>enske",2008
"397","Osrednjeslovenska",2009,"Umrli - mo<U+0161>ki",1952
"398","Osrednjeslovenska",2009,"Umrli - <U+017E>enske",2109
"399","Osrednjeslovenska",2010,"Umrli - mo<U+0161>ki",2019
"400","Osrednjeslovenska",2010,"Umrli - <U+017E>enske",2061
"401","Osrednjeslovenska",2011,"Umrli - mo<U+0161>ki",2002
"402","Osrednjeslovenska",2011,"Umrli - <U+017E>enske",2071
"403","Osrednjeslovenska",2012,"Umrli - mo<U+0161>ki",2049
"404","Osrednjeslovenska",2012,"Umrli - <U+017E>enske",2240
"405","Osrednjeslovenska",2013,"Umrli - mo<U+0161>ki",2051
"406","Osrednjeslovenska",2013,"Umrli - <U+017E>enske",2196
"407","Osrednjeslovenska",2014,"Umrli - mo<U+0161>ki",2012
"408","Osrednjeslovenska",2014,"Umrli - <U+017E>enske",2150
"409","Osrednjeslovenska",2015,"Umrli - mo<U+0161>ki",2094
"410","Osrednjeslovenska",2015,"Umrli - <U+017E>enske",2176
"411","Osrednjeslovenska",2016,"Umrli - mo<U+0161>ki",2010
"412","Osrednjeslovenska",2016,"Umrli - <U+017E>enske",2145
"413","Osrednjeslovenska",2017,"Umrli - mo<U+0161>ki",2183
"414","Osrednjeslovenska",2017,"Umrli - <U+017E>enske",2321
"415","Gorenjska",1995,"Umrli - mo<U+0161>ki",846
"416","Gorenjska",1995,"Umrli - <U+017E>enske",837
"417","Gorenjska",1996,"Umrli - mo<U+0161>ki",825
"418","Gorenjska",1996,"Umrli - <U+017E>enske",792
"419","Gorenjska",1997,"Umrli - mo<U+0161>ki",815
"420","Gorenjska",1997,"Umrli - <U+017E>enske",814
"421","Gorenjska",1998,"Umrli - mo<U+0161>ki",839
"422","Gorenjska",1998,"Umrli - <U+017E>enske",815
"423","Gorenjska",1999,"Umrli - mo<U+0161>ki",882
"424","Gorenjska",1999,"Umrli - <U+017E>enske",849
"425","Gorenjska",2000,"Umrli - mo<U+0161>ki",831
"426","Gorenjska",2000,"Umrli - <U+017E>enske",795
"427","Gorenjska",2001,"Umrli - mo<U+0161>ki",833
"428","Gorenjska",2001,"Umrli - <U+017E>enske",812
"429","Gorenjska",2002,"Umrli - mo<U+0161>ki",826
"430","Gorenjska",2002,"Umrli - <U+017E>enske",805
"431","Gorenjska",2003,"Umrli - mo<U+0161>ki",887
"432","Gorenjska",2003,"Umrli - <U+017E>enske",821
"433","Gorenjska",2004,"Umrli - mo<U+0161>ki",809
"434","Gorenjska",2004,"Umrli - <U+017E>enske",803
"435","Gorenjska",2005,"Umrli - mo<U+0161>ki",818
"436","Gorenjska",2005,"Umrli - <U+017E>enske",808
"437","Gorenjska",2006,"Umrli - mo<U+0161>ki",803
"438","Gorenjska",2006,"Umrli - <U+017E>enske",743
"439","Gorenjska",2007,"Umrli - mo<U+0161>ki",891
"440","Gorenjska",2007,"Umrli - <U+017E>enske",851
"441","Gorenjska",2008,"Umrli - mo<U+0161>ki",805
"442","Gorenjska",2008,"Umrli - <U+017E>enske",870
"443","Gorenjska",2009,"Umrli - mo<U+0161>ki",857
"444","Gorenjska",2009,"Umrli - <U+017E>enske",838
"445","Gorenjska",2010,"Umrli - mo<U+0161>ki",884
"446","Gorenjska",2010,"Umrli - <U+017E>enske",831
"447","Gorenjska",2011,"Umrli - mo<U+0161>ki",853
"448","Gorenjska",2011,"Umrli - <U+017E>enske",801
"449","Gorenjska",2012,"Umrli - mo<U+0161>ki",861
"450","Gorenjska",2012,"Umrli - <U+017E>enske",830
"451","Gorenjska",2013,"Umrli - mo<U+0161>ki",855
"452","Gorenjska",2013,"Umrli - <U+017E>enske",899
"453","Gorenjska",2014,"Umrli - mo<U+0161>ki",856
"454","Gorenjska",2014,"Umrli - <U+017E>enske",874
"455","Gorenjska",2015,"Umrli - mo<U+0161>ki",864
"456","Gorenjska",2015,"Umrli - <U+017E>enske",910
"457","Gorenjska",2016,"Umrli - mo<U+0161>ki",881
"458","Gorenjska",2016,"Umrli - <U+017E>enske",883
"459","Gorenjska",2017,"Umrli - mo<U+0161>ki",963
"460","Gorenjska",2017,"Umrli - <U+017E>enske",962
"461","Primorsko-notranjska",1995,"Umrli - mo<U+0161>ki",270
"462","Primorsko-notranjska",1995,"Umrli - <U+017E>enske",270
"463","Primorsko-notranjska",1996,"Umrli - mo<U+0161>ki",267
"464","Primorsko-notranjska",1996,"Umrli - <U+017E>enske",237
"465","Primorsko-notranjska",1997,"Umrli - mo<U+0161>ki",270
"466","Primorsko-notranjska",1997,"Umrli - <U+017E>enske",266
"467","Primorsko-notranjska",1998,"Umrli - mo<U+0161>ki",258
"468","Primorsko-notranjska",1998,"Umrli - <U+017E>enske",272
"469","Primorsko-notranjska",1999,"Umrli - mo<U+0161>ki",254
"470","Primorsko-notranjska",1999,"Umrli - <U+017E>enske",265
"471","Primorsko-notranjska",2000,"Umrli - mo<U+0161>ki",280
"472","Primorsko-notranjska",2000,"Umrli - <U+017E>enske",276
"473","Primorsko-notranjska",2001,"Umrli - mo<U+0161>ki",244
"474","Primorsko-notranjska",2001,"Umrli - <U+017E>enske",263
"475","Primorsko-notranjska",2002,"Umrli - mo<U+0161>ki",258
"476","Primorsko-notranjska",2002,"Umrli - <U+017E>enske",294
"477","Primorsko-notranjska",2003,"Umrli - mo<U+0161>ki",308
"478","Primorsko-notranjska",2003,"Umrli - <U+017E>enske",261
"479","Primorsko-notranjska",2004,"Umrli - mo<U+0161>ki",237
"480","Primorsko-notranjska",2004,"Umrli - <U+017E>enske",256
"481","Primorsko-notranjska",2005,"Umrli - mo<U+0161>ki",259
"482","Primorsko-notranjska",2005,"Umrli - <U+017E>enske",282
"483","Primorsko-notranjska",2006,"Umrli - mo<U+0161>ki",265
"484","Primorsko-notranjska",2006,"Umrli - <U+017E>enske",233
"485","Primorsko-notranjska",2007,"Umrli - mo<U+0161>ki",273
"486","Primorsko-notranjska",2007,"Umrli - <U+017E>enske",273
"487","Primorsko-notranjska",2008,"Umrli - mo<U+0161>ki",278
"488","Primorsko-notranjska",2008,"Umrli - <U+017E>enske",267
"489","Primorsko-notranjska",2009,"Umrli - mo<U+0161>ki",265
"490","Primorsko-notranjska",2009,"Umrli - <U+017E>enske",254
"491","Primorsko-notranjska",2010,"Umrli - mo<U+0161>ki",253
"492","Primorsko-notranjska",2010,"Umrli - <U+017E>enske",282
"493","Primorsko-notranjska",2011,"Umrli - mo<U+0161>ki",213
"494","Primorsko-notranjska",2011,"Umrli - <U+017E>enske",252
"495","Primorsko-notranjska",2012,"Umrli - mo<U+0161>ki",266
"496","Primorsko-notranjska",2012,"Umrli - <U+017E>enske",291
"497","Primorsko-notranjska",2013,"Umrli - mo<U+0161>ki",271
"498","Primorsko-notranjska",2013,"Umrli - <U+017E>enske",249
"499","Primorsko-notranjska",2014,"Umrli - mo<U+0161>ki",256
"500","Primorsko-notranjska",2014,"Umrli - <U+017E>enske",304
"501","Primorsko-notranjska",2015,"Umrli - mo<U+0161>ki",290
"502","Primorsko-notranjska",2015,"Umrli - <U+017E>enske",276
"503","Primorsko-notranjska",2016,"Umrli - mo<U+0161>ki",272
"504","Primorsko-notranjska",2016,"Umrli - <U+017E>enske",287
"505","Primorsko-notranjska",2017,"Umrli - mo<U+0161>ki",262
"506","Primorsko-notranjska",2017,"Umrli - <U+017E>enske",295
"507","Gori<U+0161>ka",1995,"Umrli - mo<U+0161>ki",601
"508","Gori<U+0161>ka",1995,"Umrli - <U+017E>enske",580
"509","Gori<U+0161>ka",1996,"Umrli - mo<U+0161>ki",651
"510","Gori<U+0161>ka",1996,"Umrli - <U+017E>enske",549
"511","Gori<U+0161>ka",1997,"Umrli - mo<U+0161>ki",630
"512","Gori<U+0161>ka",1997,"Umrli - <U+017E>enske",639
"513","Gori<U+0161>ka",1998,"Umrli - mo<U+0161>ki",669
"514","Gori<U+0161>ka",1998,"Umrli - <U+017E>enske",612
"515","Gori<U+0161>ka",1999,"Umrli - mo<U+0161>ki",609
"516","Gori<U+0161>ka",1999,"Umrli - <U+017E>enske",568
"517","Gori<U+0161>ka",2000,"Umrli - mo<U+0161>ki",640
"518","Gori<U+0161>ka",2000,"Umrli - <U+017E>enske",619
"519","Gori<U+0161>ka",2001,"Umrli - mo<U+0161>ki",611
"520","Gori<U+0161>ka",2001,"Umrli - <U+017E>enske",549
"521","Gori<U+0161>ka",2002,"Umrli - mo<U+0161>ki",641
"522","Gori<U+0161>ka",2002,"Umrli - <U+017E>enske",580
"523","Gori<U+0161>ka",2003,"Umrli - mo<U+0161>ki",597
"524","Gori<U+0161>ka",2003,"Umrli - <U+017E>enske",646
"525","Gori<U+0161>ka",2004,"Umrli - mo<U+0161>ki",603
"526","Gori<U+0161>ka",2004,"Umrli - <U+017E>enske",565
"527","Gori<U+0161>ka",2005,"Umrli - mo<U+0161>ki",600
"528","Gori<U+0161>ka",2005,"Umrli - <U+017E>enske",635
"529","Gori<U+0161>ka",2006,"Umrli - mo<U+0161>ki",587
"530","Gori<U+0161>ka",2006,"Umrli - <U+017E>enske",597
"531","Gori<U+0161>ka",2007,"Umrli - mo<U+0161>ki",583
"532","Gori<U+0161>ka",2007,"Umrli - <U+017E>enske",596
"533","Gori<U+0161>ka",2008,"Umrli - mo<U+0161>ki",613
"534","Gori<U+0161>ka",2008,"Umrli - <U+017E>enske",602
"535","Gori<U+0161>ka",2009,"Umrli - mo<U+0161>ki",609
"536","Gori<U+0161>ka",2009,"Umrli - <U+017E>enske",643
"537","Gori<U+0161>ka",2010,"Umrli - mo<U+0161>ki",548
"538","Gori<U+0161>ka",2010,"Umrli - <U+017E>enske",607
"539","Gori<U+0161>ka",2011,"Umrli - mo<U+0161>ki",551
"540","Gori<U+0161>ka",2011,"Umrli - <U+017E>enske",605
"541","Gori<U+0161>ka",2012,"Umrli - mo<U+0161>ki",653
"542","Gori<U+0161>ka",2012,"Umrli - <U+017E>enske",635
"543","Gori<U+0161>ka",2013,"Umrli - mo<U+0161>ki",627
"544","Gori<U+0161>ka",2013,"Umrli - <U+017E>enske",638
"545","Gori<U+0161>ka",2014,"Umrli - mo<U+0161>ki",594
"546","Gori<U+0161>ka",2014,"Umrli - <U+017E>enske",666
"547","Gori<U+0161>ka",2015,"Umrli - mo<U+0161>ki",581
"548","Gori<U+0161>ka",2015,"Umrli - <U+017E>enske",685
"549","Gori<U+0161>ka",2016,"Umrli - mo<U+0161>ki",604
"550","Gori<U+0161>ka",2016,"Umrli - <U+017E>enske",692
"551","Gori<U+0161>ka",2017,"Umrli - mo<U+0161>ki",644
"552","Gori<U+0161>ka",2017,"Umrli - <U+017E>enske",666
"553","Obalno-kra<U+0161>ka",1995,"Umrli - mo<U+0161>ki",518
"554","Obalno-kra<U+0161>ka",1995,"Umrli - <U+017E>enske",434
"555","Obalno-kra<U+0161>ka",1996,"Umrli - mo<U+0161>ki",449
"556","Obalno-kra<U+0161>ka",1996,"Umrli - <U+017E>enske",442
"557","Obalno-kra<U+0161>ka",1997,"Umrli - mo<U+0161>ki",531
"558","Obalno-kra<U+0161>ka",1997,"Umrli - <U+017E>enske",425
"559","Obalno-kra<U+0161>ka",1998,"Umrli - mo<U+0161>ki",575
"560","Obalno-kra<U+0161>ka",1998,"Umrli - <U+017E>enske",442
"561","Obalno-kra<U+0161>ka",1999,"Umrli - mo<U+0161>ki",511
"562","Obalno-kra<U+0161>ka",1999,"Umrli - <U+017E>enske",430
"563","Obalno-kra<U+0161>ka",2000,"Umrli - mo<U+0161>ki",495
"564","Obalno-kra<U+0161>ka",2000,"Umrli - <U+017E>enske",392
"565","Obalno-kra<U+0161>ka",2001,"Umrli - mo<U+0161>ki",571
"566","Obalno-kra<U+0161>ka",2001,"Umrli - <U+017E>enske",435
"567","Obalno-kra<U+0161>ka",2002,"Umrli - mo<U+0161>ki",551
"568","Obalno-kra<U+0161>ka",2002,"Umrli - <U+017E>enske",436
"569","Obalno-kra<U+0161>ka",2003,"Umrli - mo<U+0161>ki",549
"570","Obalno-kra<U+0161>ka",2003,"Umrli - <U+017E>enske",474
"571","Obalno-kra<U+0161>ka",2004,"Umrli - mo<U+0161>ki",514
"572","Obalno-kra<U+0161>ka",2004,"Umrli - <U+017E>enske",463
"573","Obalno-kra<U+0161>ka",2005,"Umrli - mo<U+0161>ki",530
"574","Obalno-kra<U+0161>ka",2005,"Umrli - <U+017E>enske",455
"575","Obalno-kra<U+0161>ka",2006,"Umrli - mo<U+0161>ki",521
"576","Obalno-kra<U+0161>ka",2006,"Umrli - <U+017E>enske",426
"577","Obalno-kra<U+0161>ka",2007,"Umrli - mo<U+0161>ki",538
"578","Obalno-kra<U+0161>ka",2007,"Umrli - <U+017E>enske",471
"579","Obalno-kra<U+0161>ka",2008,"Umrli - mo<U+0161>ki",463
"580","Obalno-kra<U+0161>ka",2008,"Umrli - <U+017E>enske",445
"581","Obalno-kra<U+0161>ka",2009,"Umrli - mo<U+0161>ki",515
"582","Obalno-kra<U+0161>ka",2009,"Umrli - <U+017E>enske",521
"583","Obalno-kra<U+0161>ka",2010,"Umrli - mo<U+0161>ki",542
"584","Obalno-kra<U+0161>ka",2010,"Umrli - <U+017E>enske",457
"585","Obalno-kra<U+0161>ka",2011,"Umrli - mo<U+0161>ki",525
"586","Obalno-kra<U+0161>ka",2011,"Umrli - <U+017E>enske",460
"587","Obalno-kra<U+0161>ka",2012,"Umrli - mo<U+0161>ki",478
"588","Obalno-kra<U+0161>ka",2012,"Umrli - <U+017E>enske",526
"589","Obalno-kra<U+0161>ka",2013,"Umrli - mo<U+0161>ki",546
"590","Obalno-kra<U+0161>ka",2013,"Umrli - <U+017E>enske",475
"591","Obalno-kra<U+0161>ka",2014,"Umrli - mo<U+0161>ki",485
"592","Obalno-kra<U+0161>ka",2014,"Umrli - <U+017E>enske",491
"593","Obalno-kra<U+0161>ka",2015,"Umrli - mo<U+0161>ki",576
"594","Obalno-kra<U+0161>ka",2015,"Umrli - <U+017E>enske",463
"595","Obalno-kra<U+0161>ka",2016,"Umrli - mo<U+0161>ki",560
"596","Obalno-kra<U+0161>ka",2016,"Umrli - <U+017E>enske",519
"597","Obalno-kra<U+0161>ka",2017,"Umrli - mo<U+0161>ki",526
"598","Obalno-kra<U+0161>ka",2017,"Umrli - <U+017E>enske",522
