"","regija","leto","vrsta selitve","stevilo"
"1","SLOVENIJA",1995,"Selitveni prirast s tujino - Skupaj",1415
"2","SLOVENIJA",1995,"Selitveni prirast med statisti<U+010D>nimi regijami - Skupaj",0
"3","SLOVENIJA",1996,"Selitveni prirast s tujino - Skupaj",697
"4","SLOVENIJA",1996,"Selitveni prirast med statisti<U+010D>nimi regijami - Skupaj",0
"5","SLOVENIJA",1997,"Selitveni prirast s tujino - Skupaj",286
"6","SLOVENIJA",1997,"Selitveni prirast med statisti<U+010D>nimi regijami - Skupaj",0
"7","SLOVENIJA",1998,"Selitveni prirast s tujino - Skupaj",-2105
"8","SLOVENIJA",1998,"Selitveni prirast med statisti<U+010D>nimi regijami - Skupaj",0
"9","SLOVENIJA",1999,"Selitveni prirast s tujino - Skupaj",2335
"10","SLOVENIJA",1999,"Selitveni prirast med statisti<U+010D>nimi regijami - Skupaj",0
"11","SLOVENIJA",2000,"Selitveni prirast s tujino - Skupaj",2615
"12","SLOVENIJA",2000,"Selitveni prirast med statisti<U+010D>nimi regijami - Skupaj",0
"13","SLOVENIJA",2001,"Selitveni prirast s tujino - Skupaj",2992
"14","SLOVENIJA",2001,"Selitveni prirast med statisti<U+010D>nimi regijami - Skupaj",0
"15","SLOVENIJA",2002,"Selitveni prirast s tujino - Skupaj",1865
"16","SLOVENIJA",2002,"Selitveni prirast med statisti<U+010D>nimi regijami - Skupaj",0
"17","SLOVENIJA",2003,"Selitveni prirast s tujino - Skupaj",3412
"18","SLOVENIJA",2003,"Selitveni prirast med statisti<U+010D>nimi regijami - Skupaj",0
"19","SLOVENIJA",2004,"Selitveni prirast s tujino - Skupaj",1902
"20","SLOVENIJA",2004,"Selitveni prirast med statisti<U+010D>nimi regijami - Skupaj",0
"21","SLOVENIJA",2005,"Selitveni prirast s tujino - Skupaj",6436
"22","SLOVENIJA",2005,"Selitveni prirast med statisti<U+010D>nimi regijami - Skupaj",0
"23","SLOVENIJA",2006,"Selitveni prirast s tujino - Skupaj",6267
"24","SLOVENIJA",2006,"Selitveni prirast med statisti<U+010D>nimi regijami - Skupaj",0
"25","SLOVENIJA",2007,"Selitveni prirast s tujino - Skupaj",14250
"26","SLOVENIJA",2007,"Selitveni prirast med statisti<U+010D>nimi regijami - Skupaj",0
"27","SLOVENIJA",2008,"Selitveni prirast s tujino - Skupaj",18584
"28","SLOVENIJA",2008,"Selitveni prirast med statisti<U+010D>nimi regijami - Skupaj",0
"29","SLOVENIJA",2009,"Selitveni prirast s tujino - Skupaj",11508
"30","SLOVENIJA",2009,"Selitveni prirast med statisti<U+010D>nimi regijami - Skupaj",0
"31","SLOVENIJA",2010,"Selitveni prirast s tujino - Skupaj",-521
"32","SLOVENIJA",2010,"Selitveni prirast med statisti<U+010D>nimi regijami - Skupaj",0
"33","SLOVENIJA",2011,"Selitveni prirast s tujino - Skupaj",2059
"34","SLOVENIJA",2011,"Selitveni prirast med statisti<U+010D>nimi regijami - Skupaj",0
"35","SLOVENIJA",2012,"Selitveni prirast s tujino - Skupaj",644
"36","SLOVENIJA",2012,"Selitveni prirast med statisti<U+010D>nimi regijami - Skupaj",0
"37","SLOVENIJA",2013,"Selitveni prirast s tujino - Skupaj",487
"38","SLOVENIJA",2013,"Selitveni prirast med statisti<U+010D>nimi regijami - Skupaj",0
"39","SLOVENIJA",2014,"Selitveni prirast s tujino - Skupaj",-490
"40","SLOVENIJA",2014,"Selitveni prirast med statisti<U+010D>nimi regijami - Skupaj",0
"41","SLOVENIJA",2015,"Selitveni prirast s tujino - Skupaj",507
"42","SLOVENIJA",2015,"Selitveni prirast med statisti<U+010D>nimi regijami - Skupaj",0
"43","SLOVENIJA",2016,"Selitveni prirast s tujino - Skupaj",1051
"44","SLOVENIJA",2016,"Selitveni prirast med statisti<U+010D>nimi regijami - Skupaj",0
"45","SLOVENIJA",2017,"Selitveni prirast s tujino - Skupaj",1253
"46","SLOVENIJA",2017,"Selitveni prirast med statisti<U+010D>nimi regijami - Skupaj",0
"47","Pomurska",1995,"Selitveni prirast s tujino - Skupaj",76
"48","Pomurska",1995,"Selitveni prirast med statisti<U+010D>nimi regijami - Skupaj",-29
"49","Pomurska",1996,"Selitveni prirast s tujino - Skupaj",28
"50","Pomurska",1996,"Selitveni prirast med statisti<U+010D>nimi regijami - Skupaj",-5
"51","Pomurska",1997,"Selitveni prirast s tujino - Skupaj",-3
"52","Pomurska",1997,"Selitveni prirast med statisti<U+010D>nimi regijami - Skupaj",-43
"53","Pomurska",1998,"Selitveni prirast s tujino - Skupaj",-22
"54","Pomurska",1998,"Selitveni prirast med statisti<U+010D>nimi regijami - Skupaj",-21
"55","Pomurska",1999,"Selitveni prirast s tujino - Skupaj",-55
"56","Pomurska",1999,"Selitveni prirast med statisti<U+010D>nimi regijami - Skupaj",-78
"57","Pomurska",2000,"Selitveni prirast s tujino - Skupaj",-124
"58","Pomurska",2000,"Selitveni prirast med statisti<U+010D>nimi regijami - Skupaj",-46
"59","Pomurska",2001,"Selitveni prirast s tujino - Skupaj",-24
"60","Pomurska",2001,"Selitveni prirast med statisti<U+010D>nimi regijami - Skupaj",-55
"61","Pomurska",2002,"Selitveni prirast s tujino - Skupaj",-31
"62","Pomurska",2002,"Selitveni prirast med statisti<U+010D>nimi regijami - Skupaj",-23
"63","Pomurska",2003,"Selitveni prirast s tujino - Skupaj",-22
"64","Pomurska",2003,"Selitveni prirast med statisti<U+010D>nimi regijami - Skupaj",-52
"65","Pomurska",2004,"Selitveni prirast s tujino - Skupaj",-39
"66","Pomurska",2004,"Selitveni prirast med statisti<U+010D>nimi regijami - Skupaj",-49
"67","Pomurska",2005,"Selitveni prirast s tujino - Skupaj",123
"68","Pomurska",2005,"Selitveni prirast med statisti<U+010D>nimi regijami - Skupaj",-51
"69","Pomurska",2006,"Selitveni prirast s tujino - Skupaj",9
"70","Pomurska",2006,"Selitveni prirast med statisti<U+010D>nimi regijami - Skupaj",-6
"71","Pomurska",2007,"Selitveni prirast s tujino - Skupaj",85
"72","Pomurska",2007,"Selitveni prirast med statisti<U+010D>nimi regijami - Skupaj",-59
"73","Pomurska",2008,"Selitveni prirast s tujino - Skupaj",59
"74","Pomurska",2008,"Selitveni prirast med statisti<U+010D>nimi regijami - Skupaj",-664
"75","Pomurska",2009,"Selitveni prirast s tujino - Skupaj",-36
"76","Pomurska",2009,"Selitveni prirast med statisti<U+010D>nimi regijami - Skupaj",-363
"77","Pomurska",2010,"Selitveni prirast s tujino - Skupaj",-82
"78","Pomurska",2010,"Selitveni prirast med statisti<U+010D>nimi regijami - Skupaj",-25
"79","Pomurska",2011,"Selitveni prirast s tujino - Skupaj",18
"80","Pomurska",2011,"Selitveni prirast med statisti<U+010D>nimi regijami - Skupaj",187
"81","Pomurska",2012,"Selitveni prirast s tujino - Skupaj",-651
"82","Pomurska",2012,"Selitveni prirast med statisti<U+010D>nimi regijami - Skupaj",-30
"83","Pomurska",2013,"Selitveni prirast s tujino - Skupaj",-350
"84","Pomurska",2013,"Selitveni prirast med statisti<U+010D>nimi regijami - Skupaj",-205
"85","Pomurska",2014,"Selitveni prirast s tujino - Skupaj",-131
"86","Pomurska",2014,"Selitveni prirast med statisti<U+010D>nimi regijami - Skupaj",31
"87","Pomurska",2015,"Selitveni prirast s tujino - Skupaj",-280
"88","Pomurska",2015,"Selitveni prirast med statisti<U+010D>nimi regijami - Skupaj",37
"89","Pomurska",2016,"Selitveni prirast s tujino - Skupaj",-287
"90","Pomurska",2016,"Selitveni prirast med statisti<U+010D>nimi regijami - Skupaj",92
"91","Pomurska",2017,"Selitveni prirast s tujino - Skupaj",-369
"92","Pomurska",2017,"Selitveni prirast med statisti<U+010D>nimi regijami - Skupaj",-3
"93","Podravska",1995,"Selitveni prirast s tujino - Skupaj",191
"94","Podravska",1995,"Selitveni prirast med statisti<U+010D>nimi regijami - Skupaj",-94
"95","Podravska",1996,"Selitveni prirast s tujino - Skupaj",136
"96","Podravska",1996,"Selitveni prirast med statisti<U+010D>nimi regijami - Skupaj",-32
"97","Podravska",1997,"Selitveni prirast s tujino - Skupaj",49
"98","Podravska",1997,"Selitveni prirast med statisti<U+010D>nimi regijami - Skupaj",-101
"99","Podravska",1998,"Selitveni prirast s tujino - Skupaj",-40
"100","Podravska",1998,"Selitveni prirast med statisti<U+010D>nimi regijami - Skupaj",24
"101","Podravska",1999,"Selitveni prirast s tujino - Skupaj",158
"102","Podravska",1999,"Selitveni prirast med statisti<U+010D>nimi regijami - Skupaj",22
"103","Podravska",2000,"Selitveni prirast s tujino - Skupaj",375
"104","Podravska",2000,"Selitveni prirast med statisti<U+010D>nimi regijami - Skupaj",30
"105","Podravska",2001,"Selitveni prirast s tujino - Skupaj",618
"106","Podravska",2001,"Selitveni prirast med statisti<U+010D>nimi regijami - Skupaj",-38
"107","Podravska",2002,"Selitveni prirast s tujino - Skupaj",160
"108","Podravska",2002,"Selitveni prirast med statisti<U+010D>nimi regijami - Skupaj",2
"109","Podravska",2003,"Selitveni prirast s tujino - Skupaj",217
"110","Podravska",2003,"Selitveni prirast med statisti<U+010D>nimi regijami - Skupaj",31
"111","Podravska",2004,"Selitveni prirast s tujino - Skupaj",250
"112","Podravska",2004,"Selitveni prirast med statisti<U+010D>nimi regijami - Skupaj",67
"113","Podravska",2005,"Selitveni prirast s tujino - Skupaj",705
"114","Podravska",2005,"Selitveni prirast med statisti<U+010D>nimi regijami - Skupaj",29
"115","Podravska",2006,"Selitveni prirast s tujino - Skupaj",770
"116","Podravska",2006,"Selitveni prirast med statisti<U+010D>nimi regijami - Skupaj",21
"117","Podravska",2007,"Selitveni prirast s tujino - Skupaj",2137
"118","Podravska",2007,"Selitveni prirast med statisti<U+010D>nimi regijami - Skupaj",164
"119","Podravska",2008,"Selitveni prirast s tujino - Skupaj",844
"120","Podravska",2008,"Selitveni prirast med statisti<U+010D>nimi regijami - Skupaj",436
"121","Podravska",2009,"Selitveni prirast s tujino - Skupaj",1048
"122","Podravska",2009,"Selitveni prirast med statisti<U+010D>nimi regijami - Skupaj",301
"123","Podravska",2010,"Selitveni prirast s tujino - Skupaj",-291
"124","Podravska",2010,"Selitveni prirast med statisti<U+010D>nimi regijami - Skupaj",127
"125","Podravska",2011,"Selitveni prirast s tujino - Skupaj",295
"126","Podravska",2011,"Selitveni prirast med statisti<U+010D>nimi regijami - Skupaj",329
"127","Podravska",2012,"Selitveni prirast s tujino - Skupaj",-371
"128","Podravska",2012,"Selitveni prirast med statisti<U+010D>nimi regijami - Skupaj",281
"129","Podravska",2013,"Selitveni prirast s tujino - Skupaj",-200
"130","Podravska",2013,"Selitveni prirast med statisti<U+010D>nimi regijami - Skupaj",723
"131","Podravska",2014,"Selitveni prirast s tujino - Skupaj",-217
"132","Podravska",2014,"Selitveni prirast med statisti<U+010D>nimi regijami - Skupaj",352
"133","Podravska",2015,"Selitveni prirast s tujino - Skupaj",-89
"134","Podravska",2015,"Selitveni prirast med statisti<U+010D>nimi regijami - Skupaj",-159
"135","Podravska",2016,"Selitveni prirast s tujino - Skupaj",276
"136","Podravska",2016,"Selitveni prirast med statisti<U+010D>nimi regijami - Skupaj",-319
"137","Podravska",2017,"Selitveni prirast s tujino - Skupaj",628
"138","Podravska",2017,"Selitveni prirast med statisti<U+010D>nimi regijami - Skupaj",70
"139","Koro<U+0161>ka",1995,"Selitveni prirast s tujino - Skupaj",-21
"140","Koro<U+0161>ka",1995,"Selitveni prirast med statisti<U+010D>nimi regijami - Skupaj",-47
"141","Koro<U+0161>ka",1996,"Selitveni prirast s tujino - Skupaj",-1
"142","Koro<U+0161>ka",1996,"Selitveni prirast med statisti<U+010D>nimi regijami - Skupaj",-52
"143","Koro<U+0161>ka",1997,"Selitveni prirast s tujino - Skupaj",-3
"144","Koro<U+0161>ka",1997,"Selitveni prirast med statisti<U+010D>nimi regijami - Skupaj",-46
"145","Koro<U+0161>ka",1998,"Selitveni prirast s tujino - Skupaj",-47
"146","Koro<U+0161>ka",1998,"Selitveni prirast med statisti<U+010D>nimi regijami - Skupaj",-53
"147","Koro<U+0161>ka",1999,"Selitveni prirast s tujino - Skupaj",31
"148","Koro<U+0161>ka",1999,"Selitveni prirast med statisti<U+010D>nimi regijami - Skupaj",-119
"149","Koro<U+0161>ka",2000,"Selitveni prirast s tujino - Skupaj",1
"150","Koro<U+0161>ka",2000,"Selitveni prirast med statisti<U+010D>nimi regijami - Skupaj",-85
"151","Koro<U+0161>ka",2001,"Selitveni prirast s tujino - Skupaj",-36
"152","Koro<U+0161>ka",2001,"Selitveni prirast med statisti<U+010D>nimi regijami - Skupaj",-63
"153","Koro<U+0161>ka",2002,"Selitveni prirast s tujino - Skupaj",-61
"154","Koro<U+0161>ka",2002,"Selitveni prirast med statisti<U+010D>nimi regijami - Skupaj",-105
"155","Koro<U+0161>ka",2003,"Selitveni prirast s tujino - Skupaj",10
"156","Koro<U+0161>ka",2003,"Selitveni prirast med statisti<U+010D>nimi regijami - Skupaj",-71
"157","Koro<U+0161>ka",2004,"Selitveni prirast s tujino - Skupaj",25
"158","Koro<U+0161>ka",2004,"Selitveni prirast med statisti<U+010D>nimi regijami - Skupaj",-86
"159","Koro<U+0161>ka",2005,"Selitveni prirast s tujino - Skupaj",150
"160","Koro<U+0161>ka",2005,"Selitveni prirast med statisti<U+010D>nimi regijami - Skupaj",-150
"161","Koro<U+0161>ka",2006,"Selitveni prirast s tujino - Skupaj",96
"162","Koro<U+0161>ka",2006,"Selitveni prirast med statisti<U+010D>nimi regijami - Skupaj",-175
"163","Koro<U+0161>ka",2007,"Selitveni prirast s tujino - Skupaj",191
"164","Koro<U+0161>ka",2007,"Selitveni prirast med statisti<U+010D>nimi regijami - Skupaj",-218
"165","Koro<U+0161>ka",2008,"Selitveni prirast s tujino - Skupaj",288
"166","Koro<U+0161>ka",2008,"Selitveni prirast med statisti<U+010D>nimi regijami - Skupaj",-622
"167","Koro<U+0161>ka",2009,"Selitveni prirast s tujino - Skupaj",169
"168","Koro<U+0161>ka",2009,"Selitveni prirast med statisti<U+010D>nimi regijami - Skupaj",-372
"169","Koro<U+0161>ka",2010,"Selitveni prirast s tujino - Skupaj",-22
"170","Koro<U+0161>ka",2010,"Selitveni prirast med statisti<U+010D>nimi regijami - Skupaj",-347
"171","Koro<U+0161>ka",2011,"Selitveni prirast s tujino - Skupaj",61
"172","Koro<U+0161>ka",2011,"Selitveni prirast med statisti<U+010D>nimi regijami - Skupaj",-167
"173","Koro<U+0161>ka",2012,"Selitveni prirast s tujino - Skupaj",64
"174","Koro<U+0161>ka",2012,"Selitveni prirast med statisti<U+010D>nimi regijami - Skupaj",-386
"175","Koro<U+0161>ka",2013,"Selitveni prirast s tujino - Skupaj",-104
"176","Koro<U+0161>ka",2013,"Selitveni prirast med statisti<U+010D>nimi regijami - Skupaj",-437
"177","Koro<U+0161>ka",2014,"Selitveni prirast s tujino - Skupaj",-162
"178","Koro<U+0161>ka",2014,"Selitveni prirast med statisti<U+010D>nimi regijami - Skupaj",-132
"179","Koro<U+0161>ka",2015,"Selitveni prirast s tujino - Skupaj",-61
"180","Koro<U+0161>ka",2015,"Selitveni prirast med statisti<U+010D>nimi regijami - Skupaj",-162
"181","Koro<U+0161>ka",2016,"Selitveni prirast s tujino - Skupaj",-74
"182","Koro<U+0161>ka",2016,"Selitveni prirast med statisti<U+010D>nimi regijami - Skupaj",-159
"183","Koro<U+0161>ka",2017,"Selitveni prirast s tujino - Skupaj",-62
"184","Koro<U+0161>ka",2017,"Selitveni prirast med statisti<U+010D>nimi regijami - Skupaj",-180
"185","Savinjska",1995,"Selitveni prirast s tujino - Skupaj",174
"186","Savinjska",1995,"Selitveni prirast med statisti<U+010D>nimi regijami - Skupaj",25
"187","Savinjska",1996,"Selitveni prirast s tujino - Skupaj",49
"188","Savinjska",1996,"Selitveni prirast med statisti<U+010D>nimi regijami - Skupaj",-102
"189","Savinjska",1997,"Selitveni prirast s tujino - Skupaj",22
"190","Savinjska",1997,"Selitveni prirast med statisti<U+010D>nimi regijami - Skupaj",-38
"191","Savinjska",1998,"Selitveni prirast s tujino - Skupaj",-389
"192","Savinjska",1998,"Selitveni prirast med statisti<U+010D>nimi regijami - Skupaj",-84
"193","Savinjska",1999,"Selitveni prirast s tujino - Skupaj",249
"194","Savinjska",1999,"Selitveni prirast med statisti<U+010D>nimi regijami - Skupaj",-102
"195","Savinjska",2000,"Selitveni prirast s tujino - Skupaj",339
"196","Savinjska",2000,"Selitveni prirast med statisti<U+010D>nimi regijami - Skupaj",-123
"197","Savinjska",2001,"Selitveni prirast s tujino - Skupaj",301
"198","Savinjska",2001,"Selitveni prirast med statisti<U+010D>nimi regijami - Skupaj",-9
"199","Savinjska",2002,"Selitveni prirast s tujino - Skupaj",378
"200","Savinjska",2002,"Selitveni prirast med statisti<U+010D>nimi regijami - Skupaj",-62
"201","Savinjska",2003,"Selitveni prirast s tujino - Skupaj",500
"202","Savinjska",2003,"Selitveni prirast med statisti<U+010D>nimi regijami - Skupaj",-146
"203","Savinjska",2004,"Selitveni prirast s tujino - Skupaj",194
"204","Savinjska",2004,"Selitveni prirast med statisti<U+010D>nimi regijami - Skupaj",-147
"205","Savinjska",2005,"Selitveni prirast s tujino - Skupaj",919
"206","Savinjska",2005,"Selitveni prirast med statisti<U+010D>nimi regijami - Skupaj",-105
"207","Savinjska",2006,"Selitveni prirast s tujino - Skupaj",1090
"208","Savinjska",2006,"Selitveni prirast med statisti<U+010D>nimi regijami - Skupaj",-120
"209","Savinjska",2007,"Selitveni prirast s tujino - Skupaj",2274
"210","Savinjska",2007,"Selitveni prirast med statisti<U+010D>nimi regijami - Skupaj",-65
"211","Savinjska",2008,"Selitveni prirast s tujino - Skupaj",2517
"212","Savinjska",2008,"Selitveni prirast med statisti<U+010D>nimi regijami - Skupaj",-1059
"213","Savinjska",2009,"Selitveni prirast s tujino - Skupaj",1223
"214","Savinjska",2009,"Selitveni prirast med statisti<U+010D>nimi regijami - Skupaj",-1017
"215","Savinjska",2010,"Selitveni prirast s tujino - Skupaj",-281
"216","Savinjska",2010,"Selitveni prirast med statisti<U+010D>nimi regijami - Skupaj",-436
"217","Savinjska",2011,"Selitveni prirast s tujino - Skupaj",228
"218","Savinjska",2011,"Selitveni prirast med statisti<U+010D>nimi regijami - Skupaj",-105
"219","Savinjska",2012,"Selitveni prirast s tujino - Skupaj",242
"220","Savinjska",2012,"Selitveni prirast med statisti<U+010D>nimi regijami - Skupaj",-474
"221","Savinjska",2013,"Selitveni prirast s tujino - Skupaj",551
"222","Savinjska",2013,"Selitveni prirast med statisti<U+010D>nimi regijami - Skupaj",-1123
"223","Savinjska",2014,"Selitveni prirast s tujino - Skupaj",-172
"224","Savinjska",2014,"Selitveni prirast med statisti<U+010D>nimi regijami - Skupaj",-306
"225","Savinjska",2015,"Selitveni prirast s tujino - Skupaj",152
"226","Savinjska",2015,"Selitveni prirast med statisti<U+010D>nimi regijami - Skupaj",162
"227","Savinjska",2016,"Selitveni prirast s tujino - Skupaj",300
"228","Savinjska",2016,"Selitveni prirast med statisti<U+010D>nimi regijami - Skupaj",80
"229","Savinjska",2017,"Selitveni prirast s tujino - Skupaj",154
"230","Savinjska",2017,"Selitveni prirast med statisti<U+010D>nimi regijami - Skupaj",60
"231","Zasavska",1995,"Selitveni prirast s tujino - Skupaj",33
"232","Zasavska",1995,"Selitveni prirast med statisti<U+010D>nimi regijami - Skupaj",-43
"233","Zasavska",1996,"Selitveni prirast s tujino - Skupaj",10
"234","Zasavska",1996,"Selitveni prirast med statisti<U+010D>nimi regijami - Skupaj",54
"235","Zasavska",1997,"Selitveni prirast s tujino - Skupaj",8
"236","Zasavska",1997,"Selitveni prirast med statisti<U+010D>nimi regijami - Skupaj",66
"237","Zasavska",1998,"Selitveni prirast s tujino - Skupaj",-6
"238","Zasavska",1998,"Selitveni prirast med statisti<U+010D>nimi regijami - Skupaj",13
"239","Zasavska",1999,"Selitveni prirast s tujino - Skupaj",29
"240","Zasavska",1999,"Selitveni prirast med statisti<U+010D>nimi regijami - Skupaj",-3
"241","Zasavska",2000,"Selitveni prirast s tujino - Skupaj",29
"242","Zasavska",2000,"Selitveni prirast med statisti<U+010D>nimi regijami - Skupaj",0
"243","Zasavska",2001,"Selitveni prirast s tujino - Skupaj",70
"244","Zasavska",2001,"Selitveni prirast med statisti<U+010D>nimi regijami - Skupaj",-73
"245","Zasavska",2002,"Selitveni prirast s tujino - Skupaj",-1
"246","Zasavska",2002,"Selitveni prirast med statisti<U+010D>nimi regijami - Skupaj",-61
"247","Zasavska",2003,"Selitveni prirast s tujino - Skupaj",42
"248","Zasavska",2003,"Selitveni prirast med statisti<U+010D>nimi regijami - Skupaj",-87
"249","Zasavska",2004,"Selitveni prirast s tujino - Skupaj",-26
"250","Zasavska",2004,"Selitveni prirast med statisti<U+010D>nimi regijami - Skupaj",-83
"251","Zasavska",2005,"Selitveni prirast s tujino - Skupaj",96
"252","Zasavska",2005,"Selitveni prirast med statisti<U+010D>nimi regijami - Skupaj",-66
"253","Zasavska",2006,"Selitveni prirast s tujino - Skupaj",10
"254","Zasavska",2006,"Selitveni prirast med statisti<U+010D>nimi regijami - Skupaj",-87
"255","Zasavska",2007,"Selitveni prirast s tujino - Skupaj",102
"256","Zasavska",2007,"Selitveni prirast med statisti<U+010D>nimi regijami - Skupaj",-118
"257","Zasavska",2008,"Selitveni prirast s tujino - Skupaj",242
"258","Zasavska",2008,"Selitveni prirast med statisti<U+010D>nimi regijami - Skupaj",-205
"259","Zasavska",2009,"Selitveni prirast s tujino - Skupaj",178
"260","Zasavska",2009,"Selitveni prirast med statisti<U+010D>nimi regijami - Skupaj",-392
"261","Zasavska",2010,"Selitveni prirast s tujino - Skupaj",-42
"262","Zasavska",2010,"Selitveni prirast med statisti<U+010D>nimi regijami - Skupaj",-380
"263","Zasavska",2011,"Selitveni prirast s tujino - Skupaj",-20
"264","Zasavska",2011,"Selitveni prirast med statisti<U+010D>nimi regijami - Skupaj",-211
"265","Zasavska",2012,"Selitveni prirast s tujino - Skupaj",1
"266","Zasavska",2012,"Selitveni prirast med statisti<U+010D>nimi regijami - Skupaj",-356
"267","Zasavska",2013,"Selitveni prirast s tujino - Skupaj",-76
"268","Zasavska",2013,"Selitveni prirast med statisti<U+010D>nimi regijami - Skupaj",-335
"269","Zasavska",2014,"Selitveni prirast s tujino - Skupaj",-83
"270","Zasavska",2014,"Selitveni prirast med statisti<U+010D>nimi regijami - Skupaj",-155
"271","Zasavska",2015,"Selitveni prirast s tujino - Skupaj",-25
"272","Zasavska",2015,"Selitveni prirast med statisti<U+010D>nimi regijami - Skupaj",-227
"273","Zasavska",2016,"Selitveni prirast s tujino - Skupaj",-63
"274","Zasavska",2016,"Selitveni prirast med statisti<U+010D>nimi regijami - Skupaj",-17
"275","Zasavska",2017,"Selitveni prirast s tujino - Skupaj",-84
"276","Zasavska",2017,"Selitveni prirast med statisti<U+010D>nimi regijami - Skupaj",-77
"277","Posavska",1995,"Selitveni prirast s tujino - Skupaj",81
"278","Posavska",1995,"Selitveni prirast med statisti<U+010D>nimi regijami - Skupaj",0
"279","Posavska",1996,"Selitveni prirast s tujino - Skupaj",32
"280","Posavska",1996,"Selitveni prirast med statisti<U+010D>nimi regijami - Skupaj",1
"281","Posavska",1997,"Selitveni prirast s tujino - Skupaj",14
"282","Posavska",1997,"Selitveni prirast med statisti<U+010D>nimi regijami - Skupaj",-14
"283","Posavska",1998,"Selitveni prirast s tujino - Skupaj",20
"284","Posavska",1998,"Selitveni prirast med statisti<U+010D>nimi regijami - Skupaj",47
"285","Posavska",1999,"Selitveni prirast s tujino - Skupaj",93
"286","Posavska",1999,"Selitveni prirast med statisti<U+010D>nimi regijami - Skupaj",-15
"287","Posavska",2000,"Selitveni prirast s tujino - Skupaj",210
"288","Posavska",2000,"Selitveni prirast med statisti<U+010D>nimi regijami - Skupaj",-19
"289","Posavska",2001,"Selitveni prirast s tujino - Skupaj",100
"290","Posavska",2001,"Selitveni prirast med statisti<U+010D>nimi regijami - Skupaj",52
"291","Posavska",2002,"Selitveni prirast s tujino - Skupaj",152
"292","Posavska",2002,"Selitveni prirast med statisti<U+010D>nimi regijami - Skupaj",42
"293","Posavska",2003,"Selitveni prirast s tujino - Skupaj",270
"294","Posavska",2003,"Selitveni prirast med statisti<U+010D>nimi regijami - Skupaj",-22
"295","Posavska",2004,"Selitveni prirast s tujino - Skupaj",77
"296","Posavska",2004,"Selitveni prirast med statisti<U+010D>nimi regijami - Skupaj",-42
"297","Posavska",2005,"Selitveni prirast s tujino - Skupaj",236
"298","Posavska",2005,"Selitveni prirast med statisti<U+010D>nimi regijami - Skupaj",71
"299","Posavska",2006,"Selitveni prirast s tujino - Skupaj",229
"300","Posavska",2006,"Selitveni prirast med statisti<U+010D>nimi regijami - Skupaj",29
"301","Posavska",2007,"Selitveni prirast s tujino - Skupaj",352
"302","Posavska",2007,"Selitveni prirast med statisti<U+010D>nimi regijami - Skupaj",44
"303","Posavska",2008,"Selitveni prirast s tujino - Skupaj",711
"304","Posavska",2008,"Selitveni prirast med statisti<U+010D>nimi regijami - Skupaj",-448
"305","Posavska",2009,"Selitveni prirast s tujino - Skupaj",259
"306","Posavska",2009,"Selitveni prirast med statisti<U+010D>nimi regijami - Skupaj",-76
"307","Posavska",2010,"Selitveni prirast s tujino - Skupaj",-20
"308","Posavska",2010,"Selitveni prirast med statisti<U+010D>nimi regijami - Skupaj",51
"309","Posavska",2011,"Selitveni prirast s tujino - Skupaj",20
"310","Posavska",2011,"Selitveni prirast med statisti<U+010D>nimi regijami - Skupaj",43
"311","Posavska",2012,"Selitveni prirast s tujino - Skupaj",71
"312","Posavska",2012,"Selitveni prirast med statisti<U+010D>nimi regijami - Skupaj",57
"313","Posavska",2013,"Selitveni prirast s tujino - Skupaj",55
"314","Posavska",2013,"Selitveni prirast med statisti<U+010D>nimi regijami - Skupaj",-237
"315","Posavska",2014,"Selitveni prirast s tujino - Skupaj",-39
"316","Posavska",2014,"Selitveni prirast med statisti<U+010D>nimi regijami - Skupaj",104
"317","Posavska",2015,"Selitveni prirast s tujino - Skupaj",23
"318","Posavska",2015,"Selitveni prirast med statisti<U+010D>nimi regijami - Skupaj",106
"319","Posavska",2016,"Selitveni prirast s tujino - Skupaj",-4
"320","Posavska",2016,"Selitveni prirast med statisti<U+010D>nimi regijami - Skupaj",-30
"321","Posavska",2017,"Selitveni prirast s tujino - Skupaj",-72
"322","Posavska",2017,"Selitveni prirast med statisti<U+010D>nimi regijami - Skupaj",-74
"323","Jugovzhodna Slovenija",1995,"Selitveni prirast s tujino - Skupaj",118
"324","Jugovzhodna Slovenija",1995,"Selitveni prirast med statisti<U+010D>nimi regijami - Skupaj",53
"325","Jugovzhodna Slovenija",1996,"Selitveni prirast s tujino - Skupaj",35
"326","Jugovzhodna Slovenija",1996,"Selitveni prirast med statisti<U+010D>nimi regijami - Skupaj",91
"327","Jugovzhodna Slovenija",1997,"Selitveni prirast s tujino - Skupaj",41
"328","Jugovzhodna Slovenija",1997,"Selitveni prirast med statisti<U+010D>nimi regijami - Skupaj",79
"329","Jugovzhodna Slovenija",1998,"Selitveni prirast s tujino - Skupaj",-93
"330","Jugovzhodna Slovenija",1998,"Selitveni prirast med statisti<U+010D>nimi regijami - Skupaj",61
"331","Jugovzhodna Slovenija",1999,"Selitveni prirast s tujino - Skupaj",113
"332","Jugovzhodna Slovenija",1999,"Selitveni prirast med statisti<U+010D>nimi regijami - Skupaj",172
"333","Jugovzhodna Slovenija",2000,"Selitveni prirast s tujino - Skupaj",70
"334","Jugovzhodna Slovenija",2000,"Selitveni prirast med statisti<U+010D>nimi regijami - Skupaj",108
"335","Jugovzhodna Slovenija",2001,"Selitveni prirast s tujino - Skupaj",42
"336","Jugovzhodna Slovenija",2001,"Selitveni prirast med statisti<U+010D>nimi regijami - Skupaj",61
"337","Jugovzhodna Slovenija",2002,"Selitveni prirast s tujino - Skupaj",127
"338","Jugovzhodna Slovenija",2002,"Selitveni prirast med statisti<U+010D>nimi regijami - Skupaj",8
"339","Jugovzhodna Slovenija",2003,"Selitveni prirast s tujino - Skupaj",196
"340","Jugovzhodna Slovenija",2003,"Selitveni prirast med statisti<U+010D>nimi regijami - Skupaj",85
"341","Jugovzhodna Slovenija",2004,"Selitveni prirast s tujino - Skupaj",148
"342","Jugovzhodna Slovenija",2004,"Selitveni prirast med statisti<U+010D>nimi regijami - Skupaj",80
"343","Jugovzhodna Slovenija",2005,"Selitveni prirast s tujino - Skupaj",480
"344","Jugovzhodna Slovenija",2005,"Selitveni prirast med statisti<U+010D>nimi regijami - Skupaj",70
"345","Jugovzhodna Slovenija",2006,"Selitveni prirast s tujino - Skupaj",405
"346","Jugovzhodna Slovenija",2006,"Selitveni prirast med statisti<U+010D>nimi regijami - Skupaj",19
"347","Jugovzhodna Slovenija",2007,"Selitveni prirast s tujino - Skupaj",1007
"348","Jugovzhodna Slovenija",2007,"Selitveni prirast med statisti<U+010D>nimi regijami - Skupaj",-88
"349","Jugovzhodna Slovenija",2008,"Selitveni prirast s tujino - Skupaj",1447
"350","Jugovzhodna Slovenija",2008,"Selitveni prirast med statisti<U+010D>nimi regijami - Skupaj",-147
"351","Jugovzhodna Slovenija",2009,"Selitveni prirast s tujino - Skupaj",728
"352","Jugovzhodna Slovenija",2009,"Selitveni prirast med statisti<U+010D>nimi regijami - Skupaj",25
"353","Jugovzhodna Slovenija",2010,"Selitveni prirast s tujino - Skupaj",42
"354","Jugovzhodna Slovenija",2010,"Selitveni prirast med statisti<U+010D>nimi regijami - Skupaj",-12
"355","Jugovzhodna Slovenija",2011,"Selitveni prirast s tujino - Skupaj",154
"356","Jugovzhodna Slovenija",2011,"Selitveni prirast med statisti<U+010D>nimi regijami - Skupaj",-241
"357","Jugovzhodna Slovenija",2012,"Selitveni prirast s tujino - Skupaj",-60
"358","Jugovzhodna Slovenija",2012,"Selitveni prirast med statisti<U+010D>nimi regijami - Skupaj",-406
"359","Jugovzhodna Slovenija",2013,"Selitveni prirast s tujino - Skupaj",1
"360","Jugovzhodna Slovenija",2013,"Selitveni prirast med statisti<U+010D>nimi regijami - Skupaj",-317
"361","Jugovzhodna Slovenija",2014,"Selitveni prirast s tujino - Skupaj",18
"362","Jugovzhodna Slovenija",2014,"Selitveni prirast med statisti<U+010D>nimi regijami - Skupaj",-347
"363","Jugovzhodna Slovenija",2015,"Selitveni prirast s tujino - Skupaj",31
"364","Jugovzhodna Slovenija",2015,"Selitveni prirast med statisti<U+010D>nimi regijami - Skupaj",38
"365","Jugovzhodna Slovenija",2016,"Selitveni prirast s tujino - Skupaj",19
"366","Jugovzhodna Slovenija",2016,"Selitveni prirast med statisti<U+010D>nimi regijami - Skupaj",-65
"367","Jugovzhodna Slovenija",2017,"Selitveni prirast s tujino - Skupaj",71
"368","Jugovzhodna Slovenija",2017,"Selitveni prirast med statisti<U+010D>nimi regijami - Skupaj",-80
"369","Osrednjeslovenska",1995,"Selitveni prirast s tujino - Skupaj",372
"370","Osrednjeslovenska",1995,"Selitveni prirast med statisti<U+010D>nimi regijami - Skupaj",-98
"371","Osrednjeslovenska",1996,"Selitveni prirast s tujino - Skupaj",168
"372","Osrednjeslovenska",1996,"Selitveni prirast med statisti<U+010D>nimi regijami - Skupaj",-226
"373","Osrednjeslovenska",1997,"Selitveni prirast s tujino - Skupaj",88
"374","Osrednjeslovenska",1997,"Selitveni prirast med statisti<U+010D>nimi regijami - Skupaj",-176
"375","Osrednjeslovenska",1998,"Selitveni prirast s tujino - Skupaj",-759
"376","Osrednjeslovenska",1998,"Selitveni prirast med statisti<U+010D>nimi regijami - Skupaj",-172
"377","Osrednjeslovenska",1999,"Selitveni prirast s tujino - Skupaj",774
"378","Osrednjeslovenska",1999,"Selitveni prirast med statisti<U+010D>nimi regijami - Skupaj",-235
"379","Osrednjeslovenska",2000,"Selitveni prirast s tujino - Skupaj",1046
"380","Osrednjeslovenska",2000,"Selitveni prirast med statisti<U+010D>nimi regijami - Skupaj",-176
"381","Osrednjeslovenska",2001,"Selitveni prirast s tujino - Skupaj",1281
"382","Osrednjeslovenska",2001,"Selitveni prirast med statisti<U+010D>nimi regijami - Skupaj",151
"383","Osrednjeslovenska",2002,"Selitveni prirast s tujino - Skupaj",493
"384","Osrednjeslovenska",2002,"Selitveni prirast med statisti<U+010D>nimi regijami - Skupaj",112
"385","Osrednjeslovenska",2003,"Selitveni prirast s tujino - Skupaj",1095
"386","Osrednjeslovenska",2003,"Selitveni prirast med statisti<U+010D>nimi regijami - Skupaj",234
"387","Osrednjeslovenska",2004,"Selitveni prirast s tujino - Skupaj",1020
"388","Osrednjeslovenska",2004,"Selitveni prirast med statisti<U+010D>nimi regijami - Skupaj",254
"389","Osrednjeslovenska",2005,"Selitveni prirast s tujino - Skupaj",2154
"390","Osrednjeslovenska",2005,"Selitveni prirast med statisti<U+010D>nimi regijami - Skupaj",336
"391","Osrednjeslovenska",2006,"Selitveni prirast s tujino - Skupaj",2003
"392","Osrednjeslovenska",2006,"Selitveni prirast med statisti<U+010D>nimi regijami - Skupaj",591
"393","Osrednjeslovenska",2007,"Selitveni prirast s tujino - Skupaj",3881
"394","Osrednjeslovenska",2007,"Selitveni prirast med statisti<U+010D>nimi regijami - Skupaj",681
"395","Osrednjeslovenska",2008,"Selitveni prirast s tujino - Skupaj",6949
"396","Osrednjeslovenska",2008,"Selitveni prirast med statisti<U+010D>nimi regijami - Skupaj",4279
"397","Osrednjeslovenska",2009,"Selitveni prirast s tujino - Skupaj",4762
"398","Osrednjeslovenska",2009,"Selitveni prirast med statisti<U+010D>nimi regijami - Skupaj",2415
"399","Osrednjeslovenska",2010,"Selitveni prirast s tujino - Skupaj",-128
"400","Osrednjeslovenska",2010,"Selitveni prirast med statisti<U+010D>nimi regijami - Skupaj",1378
"401","Osrednjeslovenska",2011,"Selitveni prirast s tujino - Skupaj",551
"402","Osrednjeslovenska",2011,"Selitveni prirast med statisti<U+010D>nimi regijami - Skupaj",554
"403","Osrednjeslovenska",2012,"Selitveni prirast s tujino - Skupaj",692
"404","Osrednjeslovenska",2012,"Selitveni prirast med statisti<U+010D>nimi regijami - Skupaj",2518
"405","Osrednjeslovenska",2013,"Selitveni prirast s tujino - Skupaj",274
"406","Osrednjeslovenska",2013,"Selitveni prirast med statisti<U+010D>nimi regijami - Skupaj",2556
"407","Osrednjeslovenska",2014,"Selitveni prirast s tujino - Skupaj",371
"408","Osrednjeslovenska",2014,"Selitveni prirast med statisti<U+010D>nimi regijami - Skupaj",1042
"409","Osrednjeslovenska",2015,"Selitveni prirast s tujino - Skupaj",400
"410","Osrednjeslovenska",2015,"Selitveni prirast med statisti<U+010D>nimi regijami - Skupaj",641
"411","Osrednjeslovenska",2016,"Selitveni prirast s tujino - Skupaj",520
"412","Osrednjeslovenska",2016,"Selitveni prirast med statisti<U+010D>nimi regijami - Skupaj",683
"413","Osrednjeslovenska",2017,"Selitveni prirast s tujino - Skupaj",596
"414","Osrednjeslovenska",2017,"Selitveni prirast med statisti<U+010D>nimi regijami - Skupaj",896
"415","Gorenjska",1995,"Selitveni prirast s tujino - Skupaj",78
"416","Gorenjska",1995,"Selitveni prirast med statisti<U+010D>nimi regijami - Skupaj",180
"417","Gorenjska",1996,"Selitveni prirast s tujino - Skupaj",66
"418","Gorenjska",1996,"Selitveni prirast med statisti<U+010D>nimi regijami - Skupaj",146
"419","Gorenjska",1997,"Selitveni prirast s tujino - Skupaj",-10
"420","Gorenjska",1997,"Selitveni prirast med statisti<U+010D>nimi regijami - Skupaj",75
"421","Gorenjska",1998,"Selitveni prirast s tujino - Skupaj",-492
"422","Gorenjska",1998,"Selitveni prirast med statisti<U+010D>nimi regijami - Skupaj",79
"423","Gorenjska",1999,"Selitveni prirast s tujino - Skupaj",267
"424","Gorenjska",1999,"Selitveni prirast med statisti<U+010D>nimi regijami - Skupaj",61
"425","Gorenjska",2000,"Selitveni prirast s tujino - Skupaj",-32
"426","Gorenjska",2000,"Selitveni prirast med statisti<U+010D>nimi regijami - Skupaj",51
"427","Gorenjska",2001,"Selitveni prirast s tujino - Skupaj",176
"428","Gorenjska",2001,"Selitveni prirast med statisti<U+010D>nimi regijami - Skupaj",-132
"429","Gorenjska",2002,"Selitveni prirast s tujino - Skupaj",27
"430","Gorenjska",2002,"Selitveni prirast med statisti<U+010D>nimi regijami - Skupaj",-98
"431","Gorenjska",2003,"Selitveni prirast s tujino - Skupaj",113
"432","Gorenjska",2003,"Selitveni prirast med statisti<U+010D>nimi regijami - Skupaj",-116
"433","Gorenjska",2004,"Selitveni prirast s tujino - Skupaj",-9
"434","Gorenjska",2004,"Selitveni prirast med statisti<U+010D>nimi regijami - Skupaj",-49
"435","Gorenjska",2005,"Selitveni prirast s tujino - Skupaj",394
"436","Gorenjska",2005,"Selitveni prirast med statisti<U+010D>nimi regijami - Skupaj",-152
"437","Gorenjska",2006,"Selitveni prirast s tujino - Skupaj",348
"438","Gorenjska",2006,"Selitveni prirast med statisti<U+010D>nimi regijami - Skupaj",-180
"439","Gorenjska",2007,"Selitveni prirast s tujino - Skupaj",970
"440","Gorenjska",2007,"Selitveni prirast med statisti<U+010D>nimi regijami - Skupaj",-178
"441","Gorenjska",2008,"Selitveni prirast s tujino - Skupaj",1663
"442","Gorenjska",2008,"Selitveni prirast med statisti<U+010D>nimi regijami - Skupaj",-539
"443","Gorenjska",2009,"Selitveni prirast s tujino - Skupaj",794
"444","Gorenjska",2009,"Selitveni prirast med statisti<U+010D>nimi regijami - Skupaj",-509
"445","Gorenjska",2010,"Selitveni prirast s tujino - Skupaj",130
"446","Gorenjska",2010,"Selitveni prirast med statisti<U+010D>nimi regijami - Skupaj",-310
"447","Gorenjska",2011,"Selitveni prirast s tujino - Skupaj",230
"448","Gorenjska",2011,"Selitveni prirast med statisti<U+010D>nimi regijami - Skupaj",-246
"449","Gorenjska",2012,"Selitveni prirast s tujino - Skupaj",-18
"450","Gorenjska",2012,"Selitveni prirast med statisti<U+010D>nimi regijami - Skupaj",-648
"451","Gorenjska",2013,"Selitveni prirast s tujino - Skupaj",-181
"452","Gorenjska",2013,"Selitveni prirast med statisti<U+010D>nimi regijami - Skupaj",-400
"453","Gorenjska",2014,"Selitveni prirast s tujino - Skupaj",-229
"454","Gorenjska",2014,"Selitveni prirast med statisti<U+010D>nimi regijami - Skupaj",-248
"455","Gorenjska",2015,"Selitveni prirast s tujino - Skupaj",-157
"456","Gorenjska",2015,"Selitveni prirast med statisti<U+010D>nimi regijami - Skupaj",-246
"457","Gorenjska",2016,"Selitveni prirast s tujino - Skupaj",-245
"458","Gorenjska",2016,"Selitveni prirast med statisti<U+010D>nimi regijami - Skupaj",-119
"459","Gorenjska",2017,"Selitveni prirast s tujino - Skupaj",-30
"460","Gorenjska",2017,"Selitveni prirast med statisti<U+010D>nimi regijami - Skupaj",-258
"461","Primorsko-notranjska",1995,"Selitveni prirast s tujino - Skupaj",71
"462","Primorsko-notranjska",1995,"Selitveni prirast med statisti<U+010D>nimi regijami - Skupaj",103
"463","Primorsko-notranjska",1996,"Selitveni prirast s tujino - Skupaj",53
"464","Primorsko-notranjska",1996,"Selitveni prirast med statisti<U+010D>nimi regijami - Skupaj",69
"465","Primorsko-notranjska",1997,"Selitveni prirast s tujino - Skupaj",46
"466","Primorsko-notranjska",1997,"Selitveni prirast med statisti<U+010D>nimi regijami - Skupaj",75
"467","Primorsko-notranjska",1998,"Selitveni prirast s tujino - Skupaj",-26
"468","Primorsko-notranjska",1998,"Selitveni prirast med statisti<U+010D>nimi regijami - Skupaj",108
"469","Primorsko-notranjska",1999,"Selitveni prirast s tujino - Skupaj",86
"470","Primorsko-notranjska",1999,"Selitveni prirast med statisti<U+010D>nimi regijami - Skupaj",131
"471","Primorsko-notranjska",2000,"Selitveni prirast s tujino - Skupaj",88
"472","Primorsko-notranjska",2000,"Selitveni prirast med statisti<U+010D>nimi regijami - Skupaj",130
"473","Primorsko-notranjska",2001,"Selitveni prirast s tujino - Skupaj",109
"474","Primorsko-notranjska",2001,"Selitveni prirast med statisti<U+010D>nimi regijami - Skupaj",47
"475","Primorsko-notranjska",2002,"Selitveni prirast s tujino - Skupaj",68
"476","Primorsko-notranjska",2002,"Selitveni prirast med statisti<U+010D>nimi regijami - Skupaj",84
"477","Primorsko-notranjska",2003,"Selitveni prirast s tujino - Skupaj",168
"478","Primorsko-notranjska",2003,"Selitveni prirast med statisti<U+010D>nimi regijami - Skupaj",32
"479","Primorsko-notranjska",2004,"Selitveni prirast s tujino - Skupaj",74
"480","Primorsko-notranjska",2004,"Selitveni prirast med statisti<U+010D>nimi regijami - Skupaj",85
"481","Primorsko-notranjska",2005,"Selitveni prirast s tujino - Skupaj",127
"482","Primorsko-notranjska",2005,"Selitveni prirast med statisti<U+010D>nimi regijami - Skupaj",89
"483","Primorsko-notranjska",2006,"Selitveni prirast s tujino - Skupaj",222
"484","Primorsko-notranjska",2006,"Selitveni prirast med statisti<U+010D>nimi regijami - Skupaj",28
"485","Primorsko-notranjska",2007,"Selitveni prirast s tujino - Skupaj",536
"486","Primorsko-notranjska",2007,"Selitveni prirast med statisti<U+010D>nimi regijami - Skupaj",33
"487","Primorsko-notranjska",2008,"Selitveni prirast s tujino - Skupaj",506
"488","Primorsko-notranjska",2008,"Selitveni prirast med statisti<U+010D>nimi regijami - Skupaj",-64
"489","Primorsko-notranjska",2009,"Selitveni prirast s tujino - Skupaj",438
"490","Primorsko-notranjska",2009,"Selitveni prirast med statisti<U+010D>nimi regijami - Skupaj",-18
"491","Primorsko-notranjska",2010,"Selitveni prirast s tujino - Skupaj",22
"492","Primorsko-notranjska",2010,"Selitveni prirast med statisti<U+010D>nimi regijami - Skupaj",6
"493","Primorsko-notranjska",2011,"Selitveni prirast s tujino - Skupaj",32
"494","Primorsko-notranjska",2011,"Selitveni prirast med statisti<U+010D>nimi regijami - Skupaj",-52
"495","Primorsko-notranjska",2012,"Selitveni prirast s tujino - Skupaj",47
"496","Primorsko-notranjska",2012,"Selitveni prirast med statisti<U+010D>nimi regijami - Skupaj",-62
"497","Primorsko-notranjska",2013,"Selitveni prirast s tujino - Skupaj",142
"498","Primorsko-notranjska",2013,"Selitveni prirast med statisti<U+010D>nimi regijami - Skupaj",-131
"499","Primorsko-notranjska",2014,"Selitveni prirast s tujino - Skupaj",51
"500","Primorsko-notranjska",2014,"Selitveni prirast med statisti<U+010D>nimi regijami - Skupaj",62
"501","Primorsko-notranjska",2015,"Selitveni prirast s tujino - Skupaj",113
"502","Primorsko-notranjska",2015,"Selitveni prirast med statisti<U+010D>nimi regijami - Skupaj",-108
"503","Primorsko-notranjska",2016,"Selitveni prirast s tujino - Skupaj",67
"504","Primorsko-notranjska",2016,"Selitveni prirast med statisti<U+010D>nimi regijami - Skupaj",44
"505","Primorsko-notranjska",2017,"Selitveni prirast s tujino - Skupaj",-27
"506","Primorsko-notranjska",2017,"Selitveni prirast med statisti<U+010D>nimi regijami - Skupaj",-181
"507","Gori<U+0161>ka",1995,"Selitveni prirast s tujino - Skupaj",79
"508","Gori<U+0161>ka",1995,"Selitveni prirast med statisti<U+010D>nimi regijami - Skupaj",-99
"509","Gori<U+0161>ka",1996,"Selitveni prirast s tujino - Skupaj",38
"510","Gori<U+0161>ka",1996,"Selitveni prirast med statisti<U+010D>nimi regijami - Skupaj",-43
"511","Gori<U+0161>ka",1997,"Selitveni prirast s tujino - Skupaj",19
"512","Gori<U+0161>ka",1997,"Selitveni prirast med statisti<U+010D>nimi regijami - Skupaj",0
"513","Gori<U+0161>ka",1998,"Selitveni prirast s tujino - Skupaj",-224
"514","Gori<U+0161>ka",1998,"Selitveni prirast med statisti<U+010D>nimi regijami - Skupaj",-88
"515","Gori<U+0161>ka",1999,"Selitveni prirast s tujino - Skupaj",306
"516","Gori<U+0161>ka",1999,"Selitveni prirast med statisti<U+010D>nimi regijami - Skupaj",-80
"517","Gori<U+0161>ka",2000,"Selitveni prirast s tujino - Skupaj",260
"518","Gori<U+0161>ka",2000,"Selitveni prirast med statisti<U+010D>nimi regijami - Skupaj",-50
"519","Gori<U+0161>ka",2001,"Selitveni prirast s tujino - Skupaj",30
"520","Gori<U+0161>ka",2001,"Selitveni prirast med statisti<U+010D>nimi regijami - Skupaj",-40
"521","Gori<U+0161>ka",2002,"Selitveni prirast s tujino - Skupaj",227
"522","Gori<U+0161>ka",2002,"Selitveni prirast med statisti<U+010D>nimi regijami - Skupaj",-44
"523","Gori<U+0161>ka",2003,"Selitveni prirast s tujino - Skupaj",329
"524","Gori<U+0161>ka",2003,"Selitveni prirast med statisti<U+010D>nimi regijami - Skupaj",-83
"525","Gori<U+0161>ka",2004,"Selitveni prirast s tujino - Skupaj",110
"526","Gori<U+0161>ka",2004,"Selitveni prirast med statisti<U+010D>nimi regijami - Skupaj",-128
"527","Gori<U+0161>ka",2005,"Selitveni prirast s tujino - Skupaj",382
"528","Gori<U+0161>ka",2005,"Selitveni prirast med statisti<U+010D>nimi regijami - Skupaj",-134
"529","Gori<U+0161>ka",2006,"Selitveni prirast s tujino - Skupaj",472
"530","Gori<U+0161>ka",2006,"Selitveni prirast med statisti<U+010D>nimi regijami - Skupaj",-262
"531","Gori<U+0161>ka",2007,"Selitveni prirast s tujino - Skupaj",1190
"532","Gori<U+0161>ka",2007,"Selitveni prirast med statisti<U+010D>nimi regijami - Skupaj",-254
"533","Gori<U+0161>ka",2008,"Selitveni prirast s tujino - Skupaj",1254
"534","Gori<U+0161>ka",2008,"Selitveni prirast med statisti<U+010D>nimi regijami - Skupaj",-1082
"535","Gori<U+0161>ka",2009,"Selitveni prirast s tujino - Skupaj",737
"536","Gori<U+0161>ka",2009,"Selitveni prirast med statisti<U+010D>nimi regijami - Skupaj",-765
"537","Gori<U+0161>ka",2010,"Selitveni prirast s tujino - Skupaj",34
"538","Gori<U+0161>ka",2010,"Selitveni prirast med statisti<U+010D>nimi regijami - Skupaj",-133
"539","Gori<U+0161>ka",2011,"Selitveni prirast s tujino - Skupaj",167
"540","Gori<U+0161>ka",2011,"Selitveni prirast med statisti<U+010D>nimi regijami - Skupaj",-297
"541","Gori<U+0161>ka",2012,"Selitveni prirast s tujino - Skupaj",120
"542","Gori<U+0161>ka",2012,"Selitveni prirast med statisti<U+010D>nimi regijami - Skupaj",-359
"543","Gori<U+0161>ka",2013,"Selitveni prirast s tujino - Skupaj",132
"544","Gori<U+0161>ka",2013,"Selitveni prirast med statisti<U+010D>nimi regijami - Skupaj",-744
"545","Gori<U+0161>ka",2014,"Selitveni prirast s tujino - Skupaj",35
"546","Gori<U+0161>ka",2014,"Selitveni prirast med statisti<U+010D>nimi regijami - Skupaj",-151
"547","Gori<U+0161>ka",2015,"Selitveni prirast s tujino - Skupaj",92
"548","Gori<U+0161>ka",2015,"Selitveni prirast med statisti<U+010D>nimi regijami - Skupaj",-99
"549","Gori<U+0161>ka",2016,"Selitveni prirast s tujino - Skupaj",126
"550","Gori<U+0161>ka",2016,"Selitveni prirast med statisti<U+010D>nimi regijami - Skupaj",-265
"551","Gori<U+0161>ka",2017,"Selitveni prirast s tujino - Skupaj",85
"552","Gori<U+0161>ka",2017,"Selitveni prirast med statisti<U+010D>nimi regijami - Skupaj",-346
"553","Obalno-kra<U+0161>ka",1995,"Selitveni prirast s tujino - Skupaj",163
"554","Obalno-kra<U+0161>ka",1995,"Selitveni prirast med statisti<U+010D>nimi regijami - Skupaj",49
"555","Obalno-kra<U+0161>ka",1996,"Selitveni prirast s tujino - Skupaj",83
"556","Obalno-kra<U+0161>ka",1996,"Selitveni prirast med statisti<U+010D>nimi regijami - Skupaj",99
"557","Obalno-kra<U+0161>ka",1997,"Selitveni prirast s tujino - Skupaj",15
"558","Obalno-kra<U+0161>ka",1997,"Selitveni prirast med statisti<U+010D>nimi regijami - Skupaj",123
"559","Obalno-kra<U+0161>ka",1998,"Selitveni prirast s tujino - Skupaj",-27
"560","Obalno-kra<U+0161>ka",1998,"Selitveni prirast med statisti<U+010D>nimi regijami - Skupaj",86
"561","Obalno-kra<U+0161>ka",1999,"Selitveni prirast s tujino - Skupaj",284
"562","Obalno-kra<U+0161>ka",1999,"Selitveni prirast med statisti<U+010D>nimi regijami - Skupaj",246
"563","Obalno-kra<U+0161>ka",2000,"Selitveni prirast s tujino - Skupaj",353
"564","Obalno-kra<U+0161>ka",2000,"Selitveni prirast med statisti<U+010D>nimi regijami - Skupaj",180
"565","Obalno-kra<U+0161>ka",2001,"Selitveni prirast s tujino - Skupaj",325
"566","Obalno-kra<U+0161>ka",2001,"Selitveni prirast med statisti<U+010D>nimi regijami - Skupaj",99
"567","Obalno-kra<U+0161>ka",2002,"Selitveni prirast s tujino - Skupaj",326
"568","Obalno-kra<U+0161>ka",2002,"Selitveni prirast med statisti<U+010D>nimi regijami - Skupaj",145
"569","Obalno-kra<U+0161>ka",2003,"Selitveni prirast s tujino - Skupaj",494
"570","Obalno-kra<U+0161>ka",2003,"Selitveni prirast med statisti<U+010D>nimi regijami - Skupaj",195
"571","Obalno-kra<U+0161>ka",2004,"Selitveni prirast s tujino - Skupaj",78
"572","Obalno-kra<U+0161>ka",2004,"Selitveni prirast med statisti<U+010D>nimi regijami - Skupaj",98
"573","Obalno-kra<U+0161>ka",2005,"Selitveni prirast s tujino - Skupaj",670
"574","Obalno-kra<U+0161>ka",2005,"Selitveni prirast med statisti<U+010D>nimi regijami - Skupaj",63
"575","Obalno-kra<U+0161>ka",2006,"Selitveni prirast s tujino - Skupaj",613
"576","Obalno-kra<U+0161>ka",2006,"Selitveni prirast med statisti<U+010D>nimi regijami - Skupaj",142
"577","Obalno-kra<U+0161>ka",2007,"Selitveni prirast s tujino - Skupaj",1525
"578","Obalno-kra<U+0161>ka",2007,"Selitveni prirast med statisti<U+010D>nimi regijami - Skupaj",58
"579","Obalno-kra<U+0161>ka",2008,"Selitveni prirast s tujino - Skupaj",2104
"580","Obalno-kra<U+0161>ka",2008,"Selitveni prirast med statisti<U+010D>nimi regijami - Skupaj",115
"581","Obalno-kra<U+0161>ka",2009,"Selitveni prirast s tujino - Skupaj",1208
"582","Obalno-kra<U+0161>ka",2009,"Selitveni prirast med statisti<U+010D>nimi regijami - Skupaj",771
"583","Obalno-kra<U+0161>ka",2010,"Selitveni prirast s tujino - Skupaj",117
"584","Obalno-kra<U+0161>ka",2010,"Selitveni prirast med statisti<U+010D>nimi regijami - Skupaj",81
"585","Obalno-kra<U+0161>ka",2011,"Selitveni prirast s tujino - Skupaj",323
"586","Obalno-kra<U+0161>ka",2011,"Selitveni prirast med statisti<U+010D>nimi regijami - Skupaj",206
"587","Obalno-kra<U+0161>ka",2012,"Selitveni prirast s tujino - Skupaj",507
"588","Obalno-kra<U+0161>ka",2012,"Selitveni prirast med statisti<U+010D>nimi regijami - Skupaj",-135
"589","Obalno-kra<U+0161>ka",2013,"Selitveni prirast s tujino - Skupaj",243
"590","Obalno-kra<U+0161>ka",2013,"Selitveni prirast med statisti<U+010D>nimi regijami - Skupaj",650
"591","Obalno-kra<U+0161>ka",2014,"Selitveni prirast s tujino - Skupaj",68
"592","Obalno-kra<U+0161>ka",2014,"Selitveni prirast med statisti<U+010D>nimi regijami - Skupaj",-252
"593","Obalno-kra<U+0161>ka",2015,"Selitveni prirast s tujino - Skupaj",308
"594","Obalno-kra<U+0161>ka",2015,"Selitveni prirast med statisti<U+010D>nimi regijami - Skupaj",17
"595","Obalno-kra<U+0161>ka",2016,"Selitveni prirast s tujino - Skupaj",416
"596","Obalno-kra<U+0161>ka",2016,"Selitveni prirast med statisti<U+010D>nimi regijami - Skupaj",75
"597","Obalno-kra<U+0161>ka",2017,"Selitveni prirast s tujino - Skupaj",363
"598","Obalno-kra<U+0161>ka",2017,"Selitveni prirast med statisti<U+010D>nimi regijami - Skupaj",173
